-- phpMyAdmin SQL Dump
-- version 5.2.0
-- https://www.phpmyadmin.net/
--
-- Host: localhost:3306
-- Generation Time: Aug 28, 2025 at 10:51 AM
-- Server version: 8.0.30
-- PHP Version: 8.2.23

SET SQL_MODE = "NO_AUTO_VALUE_ON_ZERO";
START TRANSACTION;
SET time_zone = "+00:00";


/*!40101 SET @OLD_CHARACTER_SET_CLIENT=@@CHARACTER_SET_CLIENT */;
/*!40101 SET @OLD_CHARACTER_SET_RESULTS=@@CHARACTER_SET_RESULTS */;
/*!40101 SET @OLD_COLLATION_CONNECTION=@@COLLATION_CONNECTION */;
/*!40101 SET NAMES utf8mb4 */;

--
-- Database: `viraapi`
--

-- --------------------------------------------------------

--
-- Table structure for table `ai_archives`
--

CREATE TABLE `ai_archives` (
  `id` int NOT NULL,
  `ai_model_id` int DEFAULT NULL,
  `prompt` text,
  `response` text,
  `created_at` datetime DEFAULT NULL,
  `title` varchar(255) NOT NULL,
  `type` varchar(20) DEFAULT NULL,
  `url` varchar(512) DEFAULT NULL,
  `user_id` varchar(36) DEFAULT NULL
) ENGINE=InnoDB DEFAULT CHARSET=utf8mb4 COLLATE=utf8mb4_0900_ai_ci;

--
-- Dumping data for table `ai_archives`
--

INSERT INTO `ai_archives` (`id`, `ai_model_id`, `prompt`, `response`, `created_at`, `title`, `type`, `url`, `user_id`) VALUES
(72, 4, 'Iโm writing a book about ุขุจ ูุฑูุงุฑุฏ. Can you help me brainstorm ideas, outline chapters, or improve my writing on this topic?', 'ุญุชูุงู! ุฎูุดุญุงูู ฺฉู ุฏุฑ ูฺฏุงุฑุด ฺฉุชุงุจุชุงู ุฏุฑุจุงุฑู ุขุจ ูุฑูุงุฑุฏ ููุฑุงูุชุงู ูฺฉูู. ุขุจ ูุฑูุงุฑุฏ (ฺฉุงุชุงุฑุงฺฉุช) ููุถูุน ููู ู ฺฉุงุฑุจุฑุฏ ุฏุฑ ุญูุฒู ุณูุงูุช ฺุดู ุงุณุช. ุฏุฑ ุงุฏุงูู ุงุฏูโูุงุ ูพุดููุงุฏุงุช ูุตูโุจูุฏ ู ูฺฉุงุช ูฺฏุงุฑุด ุงุฑุงุฆู ูโุฏูู:\n\n### ุงุฏูโูุง ูุญุชูุง ุจุฑุง ฺฉุชุงุจ:\n1. **ูุจุงู ุขุจ ูุฑูุงุฑุฏ**: ุชุนุฑูุ ุชุงุฑุฎฺูุ ู ุขูุงุฑ ุฌูุงู ู ุงุฑุงู.\n2. **ุงููุงุน ุขุจ ูุฑูุงุฑุฏ**: ุทุจููโุจูุฏ ุจุฑ ุงุณุงุณ ุนูุช (ูพุฑุ ูุงุฏุฑุฒุงุฏุ ูุงุด ุงุฒ ุฏุงุฑููุง ู...).\n3. **ุนูุงุฆู ู ุชุดุฎุต**: ูุดุงููโูุง ุงูููุ ุฑูุดโูุง ุชุดุฎุต ู ุชูุงูุช ุจุง ุณุงุฑ ุจูุงุฑโูุง ฺุดู.\n4. **ุฏุฑูุงูโูุง**: ุงุฒ ุฑูุดโูุง ุบุฑุฌุฑุงุญ ุชุง ุฌุฑุงุญโูุง ูุฏุฑู (ูุซู ูฺฉู).\n5. **ูพุดฺฏุฑ ู ูุฑุงูุจุช**: ููุด ุชุบุฐูุ ูุญุงูุธุช ุงุฒ ฺุดู ุฏุฑ ุจุฑุงุจุฑ ููุฑ ุฎูุฑุดุฏุ ู ุณุจฺฉ ุฒูุฏฺฏ.\n6. **ุชุฌุฑุจุงุช ุจูุงุฑุงู**: ูุตุงุญุจู ุจุง ุงูุฑุงุฏ ุนููโุดุฏู ุง ุฏุฑฺฏุฑ ุจูุงุฑ.\n7. **ุฌุฏุฏุชุฑู ุชุญููุงุช**: ููุงูุฑโูุง ููู ุฏุฑ ุฏุฑูุงู ู ุชุดุฎุต.\n\n### ูพุดููุงุฏ ุณุงุฎุชุงุฑ ูุตูโูุง:\n1. **ูุตู ฑ: ุขุดูุง ุจุง ุขุจ ูุฑูุงุฑุฏ** (ุชุนุฑูุ ุงููุช ููุถูุนุ ู ุชุงุซุฑ ุจุฑ ฺฉูุช ุฒูุฏฺฏ)\n2. **ูุตู ฒ: ุนูู ู ุนูุงูู ุฎุทุฑ** (ุณูุ ุฏุงุจุชุ ูุฑุงุฑฺฏุฑ ุฏุฑ ูุนุฑุถ UVุ ู ุนูุงูู ฺูุชฺฉ)\n3. **ูุตู ณ: ูุดุงููโูุง ู ุชุดุฎุต** (ุชุงุฑ ูพุดุฑููุฏู ุฏุฏุ ูุงููโุจููุ ู ูุนุงูู ฺุดู)\n4. **ูุตู ด: ฺฏุฒููโูุง ุฏุฑูุงู** (ุฏุฑูุงูโูุง ูุญุงูุธูโฺฉุงุฑุงููุ ุฌุฑุงุญุ ู ูุฑุงุญู ุนูู)\n5. **ูุตู ต: ุฒูุฏฺฏ ูพุณ ุงุฒ ุนูู** (ูุฑุงูุจุชโูุง ูพุณ ุงุฒ ุฌุฑุงุญุ ูุญุฏูุฏุชโูุงุ ู ุจูุจูุฏ)\n6. **ูุตู ถ: ูพุดฺฏุฑ ู ุฎูุฏูุฑุงูุจุช** (ุชุบุฐูุ ุนูฺฉ ุขูุชุงุจุ ู ูุนุงูุงุช ููุธู)\n7. **ูุตู ท: ุฏุงุณุชุงูโูุง ูุงูุน** (ุชุฌุฑุจุงุช ุจูุงุฑุงู ุจุฑุง ุงุฌุงุฏ ููุฐุงุชโูพูุฏุงุฑ)\n8. **ูุตู ธ: ุขูุฏู ูพฺููุดโูุง** (ุชุญููุงุช ุฌุฏุฏุ ุฏุงุฑููุง ุงุญุชูุงูุ ู ููุงูุฑโูุง ุขูุฏู)\n\n### ูฺฉุงุช ุจูุจูุฏ ูฺฏุงุฑุด:\n- ุงุฒ ุฒุจุงู ุณุงุฏู ู ูููโููู ุงุณุชูุงุฏู ฺฉูุฏ ุชุง ุจุฑุง ุนููู ุฎูุงููุฏฺฏุงู ูุงุจู ุฏุฑฺฉ ุจุงุดุฏ.\n- ุฏุงุฏูโูุง ุขูุงุฑ ูุนุชุจุฑ (ูุซู ุขูุงุฑ ุงุฒ ุณุงุฒูุงู ุจูุฏุงุดุช ุฌูุงู) ุฑุง ุฐฺฉุฑ ฺฉูุฏ.\n- ูุซุงูโูุง ุนู ู ููุงุณูโูุง (ูุซู ยซูุซู ูฺฏุงู ฺฉุฑุฏู ุงุฒ ูพุดุช ุดุดู ุจุฎุงุฑฺฏุฑูุชูยป) ุจู ุฏุฑฺฉ ุจูุชุฑ ฺฉูฺฉ ูโฺฉูุฏ.\n- ุงฺฏุฑ ูุชู ููุดุชูโุงุฏุ ุจุฑุง ุจุงุฒุจู ู ูุฑุงุด ุขู ุฏุฑ ุฎุฏูุชู.\n\nุขุง ุจุฎุด ุฎุงุต ุงุฒ ฺฉุชุงุจ ุฑุงๅทฒ็ปๅผๅง ููุดุชูโุงุฏ ฺฉู ุจุชูุงูู ุฑู ุจูุจูุฏ ุขู ุชูุฑฺฉุฒ ฺฉููุ ุง ุชุฑุฌุญ ูโุฏูุฏ ุฑู ุฌุฒุฆุงุช ฺฉ ุงุฒ ูุตูโูุง ฺฉุงุฑ ฺฉููุ', '2025-08-26 14:01:37', '', 'image', '', '92ac38ff-eeeb-461d-b291-a69660b83c46'),
(73, 4, 'Iโm writing a book about ุขุจ ูุฑูุงุฑุฏ. Can you help me brainstorm ideas, outline chapters, or improve my writing on this topic?', 'ุญุชูุงู! ุฎูุดุญุงูู ฺฉู ุฏุฑ ุชุฃูู ฺฉุชุงุจุชุงู ุฏุฑุจุงุฑู ุขุจ ูุฑูุงุฑุฏ ููุฑุงูุชุงู ูฺฉูู. ุขุจ ูุฑูุงุฑุฏ (ฺฉุงุชุงุฑุงฺฉุช) ููุถูุน ููู ู ฺฉุงุฑุจุฑุฏ ุฏุฑ ุญูุฒู ุณูุงูุช ฺุดู ุงุณุช. ุฏุฑ ุงุฏุงูู ุงุฏูโูุงุ ูพุดููุงุฏ ุณุงุฎุชุงุฑ ูุตูโูุง ู ูฺฉุงุช ุจุฑุง ุจูุจูุฏ ูฺฏุงุฑุด ุงุฑุงุฆู ูโุฏูู:\n\n### ุงุฏูโูุง ูุญุชูุง ุจุฑุง ฺฉุชุงุจ:\n1. **ุฌูุจู ุนูู**: ุชูุถุญ ุนูู ุงุฌุงุฏ ุขุจ ูุฑูุงุฑุฏุ ุงููุงุน ุขู (ูพุฑุ ูุงุฏุฑุฒุงุฏุ ุซุงููู) ู ุชุบุฑุงุช ูุฒูููฺฺฉ ุฏุฑ ุนุฏุณ.\n2. **ูพุดฺฏุฑ ู ูุฑุงูุจุช**: ููุด ุชุบุฐู (ูุงููุฏ ุขูุชโุงฺฉุณุฏุงูโูุง)ุ ูุญุงูุธุช ุงุฒ ฺุดู ุฏุฑ ุจุฑุงุจุฑ ููุฑ ุฎูุฑุดุฏ ู ฺฉูุชุฑู ุจูุงุฑโูุง ุฒูููโุง ูุซู ุฏุงุจุช.\n3. **ุฏุฑูุงูโูุง ูุฏุฑู ู ุณูุช**: ุฌุฑุงุญโูุง ูพุดุฑูุชู (ูฺฉูุ ูุฒุฑ)ุ ุฏุงุฑููุง ู ููฺูู ูฺฏุงู ุจู ุฏุฑูุงูโูุง ฺฏุงู ุง ุฌุงฺฏุฒู (ุจุง ุฐฺฉุฑ ูุดุฏุงุฑูุง ูุงุฒู).\n4. **ุชุฌุฑุจุงุช ุจูุงุฑุงู**: ุฑูุงุช ุงูุฑุงุฏ ฺฉู ุนูู ุขุจ ูุฑูุงุฑุฏ ุฏุงุดุชูโุงูุฏ ุชุง ฺฉุชุงุจ ุจุฑุง ุฎูุงููุฏฺฏุงู ููููุณโุชุฑ ุดูุฏ.\n5. **ุชุตุงูุฑ ู ูููุฏุงุฑูุง**: ุงุณุชูุงุฏู ุงุฒ ุชุตุงูุฑ ุชุดุฑุญ ฺุดูุ ูููุฏุงุฑูุง ููุงุณูโุง ุจู ุจูุง ุณุงูู ู ูุจุชูุง ุจู ุขุจ ูุฑูุงุฑุฏ.\n\n### ูพุดููุงุฏ ุณุงุฎุชุงุฑ ูุตูโูุง:\n**ูุตู ฑ: ููุฏููโุง ุจุฑ ุขุจ ูุฑูุงุฑุฏ**  \n- ุชุนุฑูุ ุชุงุฑุฎฺู ู ุขูุงุฑ ุฌูุงู/ููุทููโุง  \n- ุงููุช ููุถูุน ู ุชุฃุซุฑ ุขู ุจุฑ ฺฉูุช ุฒูุฏฺฏ\n\n**ูุตู ฒ: ุขูุงุชูู ู ูุฒูููฺ ุนุฏุณ ฺุดู**  \n- ุณุงุฎุชุงุฑ ุนุฏุณ ุณุงูู  \n- ูฺฉุงูุณู ุชุดฺฉู ุขุจ ูุฑูุงุฑุฏ\n\n**ูุตู ณ: ุงููุงุน ู ุนูู ุขุจ ูุฑูุงุฑุฏ**  \n- ุทุจููโุจูุฏ ุจุฑ ุงุณุงุณ ุณูุ ุนูุช ู ูููุนุช  \n- ุนูุงูู ุฎุทุฑ (ุณูุ ฺูุชฺฉุ ุจูุงุฑโูุงุ ุฏุงุฑููุง)\n\n**ูุตู ด: ุนูุงุฆู ู ุชุดุฎุต**  \n- ูุดุงููโูุง ุงููู ู ูพุดุฑูุชู  \n- ุฑูุดโูุง ุชุดุฎุต (ูุนุงูู ฺุดูุ slit lamp ู ุบุฑู)\n\n**ูุตู ต: ูพุดฺฏุฑ ู ูุฑุงูุจุช**  \n- ุฑุงูฺฉุงุฑูุง ุนูู ุจุฑุง ฺฉุงูุด ุฎุทุฑ  \n- ููุด ุณุจฺฉ ุฒูุฏฺฏ ู ุชุบุฐู\n\n**ูุตู ถ: ุฏุฑูุงูโูุง**  \n- ุฌุฑุงุญ (ุงููุงุน ุชฺฉูฺฉโูุงุ ููุฒูุง ุฏุงุฎู ฺุดู)  \n- ุฏุงุฑูุฏุฑูุงู ู ุฑูุดโูุง ููู\n\n**ูุตู ท: ุฒูุฏฺฏ ูพุณ ุงุฒ ุนูู**  \n- ูุฑุงูุจุชโูุง ูพุณ ุงุฒ ุฌุฑุงุญ  \n- ุชุทุจู ุจุง ุจูุง ุฌุฏุฏ ู ูุญุฏูุฏุชโูุง\n\n**ูุตู ธ: ูพุฑุณุดโูุง ูุชุฏุงูู ู ููุงุจุน ุจุดุชุฑ**  \n- ูพุงุณุฎ ุจู ุณูุงูุงุช ุฑุงุฌ  \n- ูุนุฑู ูุฑุงฺฉุฒ ูุนุชุจุฑ ู ฺฉุชุงุจโูุง ูุฑุชุจุท\n\n### ูฺฉุงุช ุจูุจูุฏ ูฺฏุงุฑุด:\n- ุงุฒ ุฒุจุงู ุณุงุฏู ู ูููโููู ุงุณุชูุงุฏู ฺฉูุฏ ุงูุง ุงุตุทูุงุญุงุช ุชุฎุตุต ุฑุง ุจุง ุชุนุฑู ูุฎุชุตุฑ ุจุงูุฑุฏ.  \n- ุฌููุงุช ุฑุง ฺฉูุชุงู ู ุฑูุงู ุจููุณุฏุ ูุซูุงู ุจู ุฌุง ยซุนุฏุณ ฺฉู ฺฉุฏุฑ ุดุฏู ุงุณุชยปุ ุจููุณุฏ ยซุนุฏุณ ฺฉุฏุฑ ูโุดูุฏ ู ุจูุง ุฑุง ูุฎุชู ูโฺฉูุฏยป.  \n- ุงุฒ ูุซุงูโูุง ููููุณ ุงุณุชูุงุฏู ฺฉูุฏ: ยซูุซู ูฺฏุงู ฺฉุฑุฏู ุงุฒ ูพุดุช ฺฉ ูพูุฌุฑู ุจุฎุงุฑฺฏุฑูุชูยป.  \n- ุฏุงุฏูโูุง ู ุขูุงุฑ ุฑุง ุจู ููุงุจุน ูุนุชุจุฑ ุงุฑุฌุงุน ุฏูุฏ.  \n- ูุญู ฺฉุชุงุจ ุฑุง ุงูุฏูุงุฑฺฉููุฏู ู ุขููุฒุด ูฺฏู ุฏุงุฑุฏ ุชุง ุจุฑุง ุจูุงุฑุงู ู ุฎุงููุงุฏูโูุง ููุฏ ุจุงุดุฏ.\n\nุงฺฏุฑ ุจุฎุด ุฎุงุต ุงุฒ ฺฉุชุงุจ ุฑุง already ููุดุชูโุงุฏุ ุฎูุดุญุงู ูโุดูู ูููููโุง ุงุฒ ุขู ุฑุง ุจุจูู ู ุจุงุฒุฎูุฑุฏ ุฏููโุชุฑ ุจุฏูู!', '2025-08-26 14:23:50', '', 'image', '', '92ac38ff-eeeb-461d-b291-a69660b83c46'),
(74, 4, 'Iโm writing a book about ุขุจ ูุฑูุงุฑุฏ. Can you help me brainstorm ideas, outline chapters, or improve my writing on this topic?', 'ุญุชูุงู! ุจุง ฺฉูุงู ูู ุฏุฑ ุฎุฏูุช ุดูุง ูุณุชู. ุขุจ ูุฑูุงุฑุฏ (ฺฉุงุชุงุฑุงฺฉุช) ููุถูุน ุจุณุงุฑ ููู ู ุฌุฐุงุจ ุงุณุช ฺฉู ูโุชูุงูุฏ ุจุฑุง ุทู ฺฏุณุชุฑุฏูโุง ุงุฒ ุฎูุงููุฏฺฏุงู ููุฏ ุจุงุดุฏ. ุฏุฑ ุงุฏุงูู ุงุฏูโูุงุ ูพุดููุงุฏุงุช ุณุงุฎุชุงุฑ ู ูฺฉุงุช ูฺฏุงุฑุด ุฑุง ุงุฑุงุฆู ูโุฏูู:\n\n---\n\n### **ุงุฏูโูุง ฺฉู ุจุฑุง ูุญุชูุง ฺฉุชุงุจ:**\n1. **ูุฎุงุทุจุงู ูุฏู:**  \n   - ุจูุงุฑุงู ู ุฎุงููุงุฏูโูุง ุขูุงู  \n   - ุฏุงูุดุฌูุงู ูพุฒุดฺฉ ู ูพุฑุงูพุฒุดฺฉ  \n   - ุนููู ูุฑุฏู ุจุฑุง ุงูุฒุงุด ุขฺฏุงู  \n\n2. **ุฒุงููโูุง ุฌุฐุงุจ:**  \n   - ุฏุงุณุชุงูโูุง ูุงูุน ุงุฒ ุงูุฑุงุฏ ฺฉู ุชุญุช ุนูู ุขุจ ูุฑูุงุฑุฏ ูุฑุงุฑ ฺฏุฑูุชูโุงูุฏ.  \n   - ูพุดุฑูุชโูุง ุชฺฉููููฺ ุฏุฑ ุฌุฑุงุญโูุง ูุฏุฑู (ูุซู ููุฒูุง ฺูุฏฺฉุงููู).  \n   - ุชูุงูุชโูุง ุขุจ ูุฑูุงุฑุฏ ุฏุฑ ุณูู ูุฎุชูู (ูุงุฏุฑุฒุงุฏ vs. ุงฺฉุชุณุงุจ).  \n\n---\n\n### **ูพุดููุงุฏ ุณุงุฎุชุงุฑ ูุตูโูุง:**\n1. **ูุตู ฑ: ููุฏููโุง ุจุฑ ุขุจ ูุฑูุงุฑุฏ**  \n   - ุชุนุฑูุ ุชุงุฑุฎฺู ู ุขูุงุฑ ุฌูุงู.  \n   - ููุด ุนุฏุณ ฺุดู ู ฺฺฏููฺฏ ุชุดฺฉู ฺฉุงุชุงุฑุงฺฉุช.\n\n2. **ูุตู ฒ: ุงููุงุน ู ุนูู ุขุจ ูุฑูุงุฑุฏ**  \n   - ุทุจููโุจูุฏ ุจุฑ ุงุณุงุณ ุนูุช (ูพุฑุ ุฏุงุจุชุ ุถุฑุจูุ ูุงุฏุฑุฒุงุฏ).  \n   - ุนูุงูู ุฎุทุฑุณุงุฒ (ุงุดุนู UVุ ูุตุฑู ุณฺฏุงุฑุ ุฏุงุฑููุง).\n\n3. **ูุตู ณ: ุนูุงุฆู ู ุชุดุฎุต**  \n   - ูุดุงููโูุง (ุชุงุฑ ูพุดุฑููุฏูุ ุญุณุงุณุช ุจู ููุฑ).  \n   - ุฑูุดโูุง ุชุดุฎุต (ูุนุงูู ฺุดูุ ุงุณูุช ูุงููพ).\n\n4. **ูุตู ด: ุฏุฑูุงูโูุง ุบุฑุฌุฑุงุญ ู ูพุดฺฏุฑ**  \n   - ุชุบุฑุงุช ุณุจฺฉ ุฒูุฏฺฏุ ุงุณุชูุงุฏู ุงุฒ ุนูฺฉโูุง ุขูุชุงุจ.  \n   - ูุญุฏูุฏุชโูุง ุฏุฑูุงู ุฏุงุฑู.\n\n5. **ูุตู ต: ุฌุฑุงุญ ุขุจ ูุฑูุงุฑุฏ**  \n   - ุงููุงุน ุฑูุดโูุง (ูฺฉูุ ุงฺฉุณุชุฑุงฺฉุงูพุณููุงุฑ).  \n   - ูุฑุงุญู ูุจูุ ุญู ู ุจุนุฏ ุงุฒ ุนูู.\n\n6. **ูุตู ถ: ุฒูุฏฺฏ ูพุณ ุงุฒ ุฌุฑุงุญ**  \n   - ูุฑุงูุจุชโูุง ูพุณ ุงุฒ ุนููุ ุนูุงุฑุถ ุงุญุชูุงู.  \n   - ุชุฌุฑุจุงุช ุจูุงุฑุงู (ูุตุงุญุจู ุง ฺฉุณ ุงุณุชุงุฏ).\n\n7. **ูุตู ท: ุฌุฏุฏุชุฑู ุชุญููุงุช ู ุขูุฏู ุฏุฑูุงู**  \n   - ููุฒูุง ููุดููุฏุ ุฏุงุฑููุง ูพุดฺฏุฑโฺฉููุฏู.  \n   - ููุงูุฑโูุง ููู ุฏุฑ ุฌุฑุงุญ.\n\n8. **ุถููู**  \n   - glossary ุงุตุทูุงุญุงุช ุชุฎุตุตุ ููุงุจุน ูุนุชุจุฑุ ูุฑุงฺฉุฒ ุฏุฑูุงู.\n\n---\n\n### **ูฺฉุงุช ุจูุจูุฏ ูฺฏุงุฑุด:**\n- ุงุฒ ุฒุจุงู ุณุงุฏู ู ูููโููู ุงุณุชูุงุฏู ฺฉูุฏ ุงูุง ุฏูู ู ุนูู ุจุงุดุฏ.  \n- ูุซุงู:  \n  - **ุจู ุฌุง:** ยซฺฉุงุชุงุฑุงฺฉุช ููุน ุงูพุงุณููุดู ุนุฏุณ ุงุณุช.ยป  \n  - **ุจููุณุฏ:** ยซุขุจ ูุฑูุงุฑุฏ ููุงู ฺฉุฏุฑ ุดุฏู ุนุฏุณ ฺุดู ุงุณุช ฺฉู ูุงููุฏ ูพูุฌุฑูโุง ููโฺฏุฑูุชู vision ุฑุง ูุฎุชู ูโฺฉูุฏ.ยป\n\n- ุงุฒ ุชุตุงูุฑุ ูููุฏุงุฑูุง ุง ุงูููฺฏุฑุงูโูุง ุจุฑุง ุฏุฑฺฉ ุจูุชุฑ ุงุณุชูุงุฏู ฺฉูุฏ.  \n- ูุฑ ูุตู ุฑุง ุจุง ฺฉ ุฌููู ฺฉูุฏ ุง ุณุคุงู ุฌุฐุงุจ ุดุฑูุน ฺฉูุฏ.  \n- ุงุฒ ูููโูููโูุง ูพุฒุดฺฉุงู ุง ุจูุงุฑุงู ุจุฑุง ุงุฌุงุฏ ุงุฑุชุจุงุท ุนุงุทู ุงุณุชูุงุฏู ููุงุฏ.\n\n---\n\n### **ุณุคุงู ุจุฑุง ูุฏุงุช ุชูฺฉุฑ:**\n- ุขุง ฺฉุชุงุจ ุดูุง ุจุดุชุฑ ุจุฑ ุฌูุจู ูพุฒุดฺฉ ูุชูุฑฺฉุฒ ุงุณุช ุง ุชุฌุฑุจุงุช ุดุฎุตุ  \n- ุขุง ูุตุฏ ุฏุงุฑุฏ ุจู ุชูุงูุชโูุง ูุฑููฺฏ ุฏุฑ ูพุฐุฑุด ุฌุฑุงุญ ุจูพุฑุฏุงุฒุฏุ  \n\nุงฺฏุฑ ุจุฎุด ุฎุงุต ุงุฒ ูุชู ุฑุง already ููุดุชูโุงุฏุ ุฎูุดุญุงู ูโุดูู ูููููโุง ุงุฑุงุฆู ุฏูู ุชุง ุจุชูุงูู ูฺฉุงุช ุฏููโุชุฑ ุจุฑุง ุจูุจูุฏ ูพุดููุงุฏ ฺฉูู! ๐', '2025-08-26 14:25:44', '', 'image', '', '92ac38ff-eeeb-461d-b291-a69660b83c46'),
(75, 7, 'Please review and improve the following text: ุฏุณุชุงุฑ ูุฑุงุณุงุฑ ฺฉ ุงุจุฒุงุฑ ููุดููุฏ ุจุฑุง ฺฉูฺฉ ุจู ุจูุจูุฏ ฺฉูุท ูุชูู ุดูุงุณุช. ุงู ุฏุณุชุงุฑ ูุชููู ุงููุง ฺฉููุงุชุ ูฺฏุงุฑุด ุฌููุงุชุ ุฏุณุชูุฑ ุฒุจููุ ุณุงุฎุทุฑ ูพุงุฑุงฺฏุฑุงููุง ู ุฑูุงู ุจูุฏู ูุชู ุฑู ุจุฑุณ ู ุงุตูุงู ฺฉูู. ูุฏู ุขู ุงุฑุงู ูพุดููุงุฏูุง ุฏูู ู ฺฉุงุฑุจูุฑุฏ ุจุฑุง ุงุฑุชูุงุน ูุชู ุดูุงุ ฺู ุฏุฑ ุญูุถู ุนุฏุจุงุชุ ููุงูู ููุณุ ฺฏูุฒุงุฑุด ุง ูุฑ ููุน ููุดุฏู ุฏฺฏู ุงุณุช. ููุงุณุจ ููุณูุฏฺฏููุ ุฏุงูุดุฌูุงูุ ู ูุฑฺฉุณ ฺฉู ูุฎูุงุฏ ูุชู ูุฑูู ุงุชุฑ ู ุฎููุงุชุฑ ุฏุงุดุชู ุจุงุดู. Focus on spelling, grammar, sentence flow, and overall clarity.', 'ุฏุณุชุงุฑ ูุฑุงุณุชุงุฑ ฺฉ ุงุจุฒุงุฑ ููุดููุฏ ุจุฑุง ฺฉูฺฉ ุจู ุจูุจูุฏ ฺฉูุช ูุชูู ุดูุงุณุช. ุงู ุฏุณุชุงุฑ ูโุชูุงูุฏ ุงููุง ฺฉููุงุชุ ูฺฏุงุฑุด ุฌููุงุชุ ุฏุณุชูุฑ ุฒุจุงูุ ุณุงุฎุชุงุฑ ูพุงุฑุงฺฏุฑุงูโูุง ู ุฑูุงู ุจูุฏู ูุชู ุฑุง ุจุฑุฑุณ ู ุงุตูุงุญ ฺฉูุฏ. ูุฏู ุขู ุงุฑุงุฆู ูพุดููุงุฏูุง ุฏูู ู ฺฉุงุฑุจุฑุฏ ุจุฑุง ุงุฑุชูุง ูุชู ุดูุงุ ฺู ุฏุฑ ุญูุฒู ุงุฏุจุงุชุ ููุงููโููุณุ ฺฏุฒุงุฑุด ุง ูุฑ ููุน ููุดุชู ุฏฺฏุฑ ุงุณุช. ููุงุณุจ ููุณูุฏฺฏุงูุ ุฏุงูุดุฌูุงู ู ูุฑฺฉุณ ฺฉู ูโุฎูุงูุฏ ูุชู ุญุฑููโุงโุชุฑ ู ุฎูุงูุงุชุฑ ุฏุงุดุชู ุจุงุดุฏ. \n\nูฺฉุงุช ุจูุจูุฏ:\n1. ุงุตูุงุญ ุงููุง ฺฉููุงุช: \"ฺฉูุท\" ุจู \"ฺฉูุช\"ุ \"ุงุตูุงู\" ุจู \"ุงุตูุงุญ\"ุ \"ุงุฑุงู\" ุจู \"ุงุฑุงุฆู\"ุ \"ูพุดููุงุฏูุง\" ุจู \"ูพุดููุงุฏูุง\"ุ \"ฺฉุงุฑุจูุฑุฏ\" ุจู \"ฺฉุงุฑุจุฑุฏ\"ุ \"ุงุฑุชูุงุน\" ุจู \"ุงุฑุชูุงุก\"ุ \"ุญูุถู\" ุจู \"ุญูุฒู\"ุ \"ฺฏูุฒุงุฑุด\" ุจู \"ฺฏุฒุงุฑุด\"ุ \"ููุดุฏู\" ุจู \"ููุดุชู\"ุ \"ููุณูุฏฺฏูู\" ุจู \"ููุณูุฏฺฏุงู\"ุ \"ูุฑููโุงุชุฑ\" ุจู \"ุญุฑููโุงโุชุฑ\"ุ \"ุฎููุงุชุฑ\" ุจู \"ุฎูุงูุงุชุฑ\".\n2. ุจูุจูุฏ ุฌูููโุจูุฏ ู ุฑูุงู ูุชู: ุฌููุงุช ุฑุง ุจู ฺฏูููโุง ุจุงุฒููุณ ฺฉุฑุฏูโุงู ฺฉู ุฌุฑุงู ูุชู ุญูุธ ุดูุฏ ู ุฎูุงูุง ุจูุชุฑ ุฏุงุดุชู ุจุงุดุฏ.', '2025-08-26 19:41:55', '', 'image', '', '92ac38ff-eeeb-461d-b291-a69660b83c46'),
(76, 7, 'Please review and improve the following text: ุฏุณุชุงุฑ ูุฑุงุณุงุฑ ฺฉ ุงุจุฒุงุฑ ููุดููุฏ ุจุฑุง ฺฉูฺฉ ุจู ุจูุจูุฏ ฺฉูุท ูุชูู ุดูุงุณุช. ุงู ุฏุณุชุงุฑ ูุชููู ุงููุง ฺฉููุงุชุ ูฺฏุงุฑุด ุฌููุงุชุ ุฏุณุชูุฑ ุฒุจููุ ุณุงุฎุทุฑ ูพุงุฑุงฺฏุฑุงููุง ู ุฑูุงู ุจูุฏู ูุชู ุฑู ุจุฑุณ ู ุงุตูุงู ฺฉูู. ูุฏู ุขู ุงุฑุงู ูพุดููุงุฏูุง ุฏูู ู ฺฉุงุฑุจูุฑุฏ ุจุฑุง ุงุฑุชูุงุน ูุชู ุดูุงุ ฺู ุฏุฑ ุญูุถู ุนุฏุจุงุชุ ููุงูู ููุณุ ฺฏูุฒุงุฑุด ุง ูุฑ ููุน ููุดุฏู ุฏฺฏู ุงุณุช. ููุงุณุจ ููุณูุฏฺฏููุ ุฏุงูุดุฌูุงูุ ู ูุฑฺฉุณ ฺฉู ูุฎูุงุฏ ูุชู ูุฑูู ุงุชุฑ ู ุฎููุงุชุฑ ุฏุงุดุชู ุจุงุดู. Focus on spelling, grammar, sentence flow, and overall clarity.', 'ุฏุณุชุงุฑ ูุฑุงุณุชุงุฑ ฺฉ ุงุจุฒุงุฑ ููุดููุฏ ุจุฑุง ฺฉูฺฉ ุจู ุจูุจูุฏ ฺฉูุช ูุชูู ุดูุงุณุช. ุงู ุฏุณุชุงุฑ ูโุชูุงูุฏ ุงููุง ฺฉููุงุชุ ูฺฏุงุฑุด ุฌููุงุชุ ุฏุณุชูุฑ ุฒุจุงูุ ุณุงุฎุชุงุฑ ูพุงุฑุงฺฏุฑุงูโูุง ู ุฑูุงู ุจูุฏู ูุชู ุฑุง ุจุฑุฑุณ ู ุงุตูุงุญ ฺฉูุฏ. ูุฏู ุขู ุงุฑุงุฆู ูพุดููุงุฏูุง ุฏูู ู ฺฉุงุฑุจุฑุฏ ุจุฑุง ุงุฑุชูุง ูุชู ุดูุงุ ฺู ุฏุฑ ุญูุฒู ุงุฏุจุงุชุ ููุงููโููุณุ ฺฏุฒุงุฑุด ุง ูุฑ ููุน ููุดุชู ุฏฺฏุฑ ุงุณุช. ุงู ุงุจุฒุงุฑ ููุงุณุจ ููุณูุฏฺฏุงูุ ุฏุงูุดุฌูุงู ู ูุฑฺฉุณ ุงุณุช ฺฉู ูโุฎูุงูุฏ ูุชู ุญุฑููโุงโุชุฑ ู ุฎูุงูุงุชุฑ ุฏุงุดุชู ุจุงุดุฏ.', '2025-08-26 19:46:30', '', 'image', '', '92ac38ff-eeeb-461d-b291-a69660b83c46'),
(77, 7, 'Please review and improve the following text: ุฏุณุชุงุฑ ูุฑุงุณุงุฑ ฺฉ ุงุจุฒุงุฑ ููุดููุฏ ุจุฑุง ฺฉูฺฉ ุจู ุจูุจูุฏ ฺฉูุท ูุชูู ุดูุงุณุช. ุงู ุฏุณุชุงุฑ ูุชููู ุงููุง ฺฉููุงุชุ ูฺฏุงุฑุด ุฌููุงุชุ ุฏุณุชูุฑ ุฒุจููุ ุณุงุฎุทุฑ ูพุงุฑุงฺฏุฑุงููุง ู ุฑูุงู ุจูุฏู ูุชู ุฑู ุจุฑุณ ู ุงุตูุงู ฺฉูู. ูุฏู ุขู ุงุฑุงู ูพุดููุงุฏูุง ุฏูู ู ฺฉุงุฑุจูุฑุฏ ุจุฑุง ุงุฑุชูุงุน ูุชู ุดูุงุ ฺู ุฏุฑ ุญูุถู ุนุฏุจุงุชุ ููุงูู ููุณุ ฺฏูุฒุงุฑุด ุง ูุฑ ููุน ููุดุฏู ุฏฺฏู ุงุณุช. ููุงุณุจ ููุณูุฏฺฏููุ ุฏุงูุดุฌูุงูุ ู ูุฑฺฉุณ ฺฉู ูุฎูุงุฏ ูุชู ูุฑูู ุงุชุฑ ู ุฎููุงุชุฑ ุฏุงุดุชู ุจุงุดู. Focus on spelling, grammar, sentence flow, and overall clarity.', 'ุฏุณุชุงุฑ ูุฑุงุณุชุงุฑ ฺฉ ุงุจุฒุงุฑ ููุดููุฏ ุจุฑุง ฺฉูฺฉ ุจู ุจูุจูุฏ ฺฉูุช ูุชูู ุดูุงุณุช. ุงู ุฏุณุชุงุฑ ูโุชูุงูุฏ ุงููุง ฺฉููุงุชุ ูฺฏุงุฑุด ุฌููุงุชุ ุฏุณุชูุฑ ุฒุจุงูุ ุณุงุฎุชุงุฑ ูพุงุฑุงฺฏุฑุงูโูุง ู ุฑูุงู ุจูุฏู ูุชู ุฑุง ุจุฑุฑุณ ู ุงุตูุงุญ ฺฉูุฏ. ูุฏู ุขู ุงุฑุงุฆู ูพุดููุงุฏูุง ุฏูู ู ฺฉุงุฑุจุฑุฏ ุจุฑุง ุงุฑุชูุง ูุชู ุดูุงุ ฺู ุฏุฑ ุญูุฒู ุงุฏุจุงุชุ ููุงููโููุณุ ฺฏุฒุงุฑุด ุง ูุฑ ููุน ููุดุชู ุฏฺฏุฑ ุงุณุช. ุงู ุงุจุฒุงุฑ ููุงุณุจ ููุณูุฏฺฏุงูุ ุฏุงูุดุฌูุงู ู ูุฑ ฺฉุณ ุงุณุช ฺฉู ูโุฎูุงูุฏ ูุชู ุญุฑููโุงโุชุฑ ู ุฎูุงูุงุชุฑ ุฏุงุดุชู ุจุงุดุฏ. \n\nุชูุฌู ุฏุงุดุชู ุจุงุดุฏ ฺฉู ุจุฑุฎ ุงุฒ ฺฉููุงุช ู ุฌููุงุช ูุงุฒ ุจู ุงุตูุงุญ ุงููุง ู ูฺฏุงุฑุด ุฏุงุดุชูุฏ. ุงูุฏูุงุฑู ุงู ูุณุฎู ุจู ุดูุง ฺฉูฺฉ ฺฉูุฏ.', '2025-08-26 19:48:49', '', 'image', '', '92ac38ff-eeeb-461d-b291-a69660b83c46'),
(78, 7, 'Please review and improve the following text: ุฏุณุชุงุฑ ูุฑุงุณุงุฑ ฺฉ ุงุจุฒุงุฑ ููุดููุฏ ุจุฑุง ฺฉูฺฉ ุจู ุจูุจูุฏ ฺฉูุท ูุชูู ุดูุงุณุช. ุงู ุฏุณุชุงุฑ ูุชููู ุงููุง ฺฉููุงุชุ ูฺฏุงุฑุด ุฌููุงุชุ ุฏุณุชูุฑ ุฒุจููุ ุณุงุฎุทุฑ ูพุงุฑุงฺฏุฑุงููุง ู ุฑูุงู ุจูุฏู ูุชู ุฑู ุจุฑุณ ู ุงุตูุงู ฺฉูู. ูุฏู ุขู ุงุฑุงู ูพุดููุงุฏูุง ุฏูู ู ฺฉุงุฑุจูุฑุฏ ุจุฑุง ุงุฑุชูุงุน ูุชู ุดูุงุ ฺู ุฏุฑ ุญูุถู ุนุฏุจุงุชุ ููุงูู ููุณุ ฺฏูุฒุงุฑุด ุง ูุฑ ููุน ููุดุฏู ุฏฺฏู ุงุณุช. ููุงุณุจ ููุณูุฏฺฏููุ ุฏุงูุดุฌูุงูุ ู ูุฑฺฉุณ ฺฉู ูุฎูุงุฏ ูุชู ูุฑูู ุงุชุฑ ู ุฎููุงุชุฑ ุฏุงุดุชู ุจุงุดู. Focus on spelling, grammar, sentence flow, and overall clarity.', 'ุฏุณุชุงุฑ ูุฑุงุณุชุงุฑ ฺฉ ุงุจุฒุงุฑ ููุดููุฏ ุจุฑุง ฺฉูฺฉ ุจู ุจูุจูุฏ ฺฉูุช ูุชูู ุดูุงุณุช. ุงู ุฏุณุชุงุฑ ูโุชูุงูุฏ ุงููุง ฺฉููุงุชุ ูฺฏุงุฑุด ุฌููุงุชุ ุฏุณุชูุฑ ุฒุจุงูุ ุณุงุฎุชุงุฑ ูพุงุฑุงฺฏุฑุงูโูุง ู ุฑูุงู ุจูุฏู ูุชู ุฑุง ุจุฑุฑุณ ู ุงุตูุงุญ ฺฉูุฏ. ูุฏู ุขู ุงุฑุงุฆู ูพุดููุงุฏูุง ุฏูู ู ฺฉุงุฑุจุฑุฏ ุจุฑุง ุงุฑุชูุงุก ูุชู ุดูุงุ ฺู ุฏุฑ ุญูุฒู ุงุฏุจุงุชุ ููุงููโููุณุ ฺฏุฒุงุฑุด ุง ูุฑ ููุน ููุดุชู ุฏฺฏุฑ ุงุณุช. ุงู ุงุจุฒุงุฑ ุจุฑุง ููุณูุฏฺฏุงูุ ุฏุงูุดุฌูุงู ู ูุฑฺฉุณ ฺฉู ูโุฎูุงูุฏ ูุชู ุญุฑููโุงโุชุฑ ู ุฎูุงูุงุชุฑ ุฏุงุดุชู ุจุงุดุฏุ ููุงุณุจ ุงุณุช.\n\nูพุดููุงุฏูุง:\n1. ุงุตูุงุญ ุงููุง ฺฉููุงุช ูุงููุฏ \"ฺฉูุท\" ุจู \"ฺฉูุช\"ุ \"ูุชููู\" ุจู \"ูโุชูุงูุฏ\"ุ \"ุงุตูุงู\" ุจู \"ุงุตูุงุญ\"ุ ู ุบุฑู.\n2. ุงุณุชูุงุฏู ุงุฒ ุนูุงุฆู ูฺฏุงุฑุด ููุงุณุจ ูุงููุฏ ูุฑฺฏูู ู ููุทู ุจุฑุง ุจูุจูุฏ ุฎูุงูุง.\n3. ุงุณุชูุงุฏู ุงุฒ ูุงฺฺฏุงู ุตุญุญ ู ุฑุณู ูุงููุฏ \"ุงุฑุงุฆู\" ุจู ุฌุง \"ุงุฑุงู\" ู \"ุญูุฒู\" ุจู ุฌุง \"ุญูุถู\".\n4. ุจูุจูุฏ ุฌูููโุจูุฏ ู ุณุงุฎุชุงุฑ ุฌููุงุช ุจุฑุง ุฑูุงูโุชุฑ ุดุฏู ูุชู.', '2025-08-26 19:49:10', '', 'image', '', '92ac38ff-eeeb-461d-b291-a69660b83c46'),
(79, 7, 'Please review and improve the following text: ุฏุณุชุงุฑ ูุฑุงุณุงุฑ ฺฉ ุงุจุฒุงุฑ ููุดููุฏ ุจุฑุง ฺฉูฺฉ ุจู ุจูุจูุฏ ฺฉูุท ูุชูู ุดูุงุณุช. ุงู ุฏุณุชุงุฑ ูุชููู ุงููุง ฺฉููุงุชุ ูฺฏุงุฑุด ุฌููุงุชุ ุฏุณุชูุฑ ุฒุจููุ ุณุงุฎุทุฑ ูพุงุฑุงฺฏุฑุงููุง ู ุฑูุงู ุจูุฏู ูุชู ุฑู ุจุฑุณ ู ุงุตูุงู ฺฉูู. ูุฏู ุขู ุงุฑุงู ูพุดููุงุฏูุง ุฏูู ู ฺฉุงุฑุจูุฑุฏ ุจุฑุง ุงุฑุชูุงุน ูุชู ุดูุงุ ฺู ุฏุฑ ุญูุถู ุนุฏุจุงุชุ ููุงูู ููุณุ ฺฏูุฒุงุฑุด ุง ูุฑ ููุน ููุดุฏู ุฏฺฏู ุงุณุช. ููุงุณุจ ููุณูุฏฺฏููุ ุฏุงูุดุฌูุงูุ ู ูุฑฺฉุณ ฺฉู ูุฎูุงุฏ ูุชู ูุฑูู ุงุชุฑ ู ุฎููุงุชุฑ ุฏุงุดุชู ุจุงุดู. Focus on spelling, grammar, sentence flow, and overall clarity.', 'ุฏุณุชุงุฑ ูุฑุงุณุชุงุฑ ฺฉ ุงุจุฒุงุฑ ููุดููุฏ ุจุฑุง ฺฉูฺฉ ุจู ุจูุจูุฏ ฺฉูุช ูุชูู ุดูุงุณุช. ุงู ุฏุณุชุงุฑ ูโุชูุงูุฏ ุงููุง ฺฉููุงุชุ ูฺฏุงุฑุด ุฌููุงุชุ ุฏุณุชูุฑ ุฒุจุงูุ ุณุงุฎุชุงุฑ ูพุงุฑุงฺฏุฑุงูโูุง ู ุฑูุงู ุจูุฏู ูุชู ุฑุง ุจุฑุฑุณ ู ุงุตูุงุญ ฺฉูุฏ. ูุฏู ุขู ุงุฑุงุฆู ูพุดููุงุฏูุง ุฏูู ู ฺฉุงุฑุจุฑุฏ ุจุฑุง ุงุฑุชูุง ูุชู ุดูุงุ ฺู ุฏุฑ ุญูุฒู ุงุฏุจุงุชุ ููุงููโููุณุ ฺฏุฒุงุฑุด ุง ูุฑ ููุน ููุดุชู ุฏฺฏุฑ ุงุณุช. ุงู ุงุจุฒุงุฑ ููุงุณุจ ููุณูุฏฺฏุงูุ ุฏุงูุดุฌูุงู ู ูุฑฺฉุณ ุงุณุช ฺฉู ูโุฎูุงูุฏ ูุชู ุญุฑููโุงโุชุฑ ู ุฎูุงูุงุชุฑ ุฏุงุดุชู ุจุงุดุฏ.', '2025-08-26 19:53:17', '', 'image', '', '92ac38ff-eeeb-461d-b291-a69660b83c46'),
(80, 4, 'Iโm writing a book about ุขุจ ูุฑูุงุฑุฏ. Can you help me brainstorm ideas, outline chapters, or improve my writing on this topic?', 'ุงูุจุชู! ููุดุชู ฺฉุชุงุจ ุฏุฑุจุงุฑู ุขุจ ูุฑูุงุฑุฏ ูโุชูุงูุฏ ุจุณุงุฑ ููุฏ ู ุขููุฒูุฏู ุจุงุดุฏ. ุฏุฑ ุงุฏุงููุ ุจู ุดูุง ฺฉูฺฉ ูโฺฉูู ุชุง ุงุฏูโูุง ุจุฑุง ฺฉุชุงุจุชุงู ูพุฏุง ฺฉูุฏ ู ฺฉ ุทุฑุญ ฺฉู ุจุฑุง ูุตูโูุง ุงุฌุงุฏ ฺฉูุฏ.\n\n### ุงุฏูโูุง ุงููู:\n1. **ููุฏููโุง ุจุฑ ุขุจ ูุฑูุงุฑุฏ**: ุชูุถุญ ุฏูุฏ ฺฉู ุขุจ ูุฑูุงุฑุฏ ฺุณุช ู ฺุฑุง ุงููุช ุฏุงุฑุฏ.\n2. **ุนูู ู ุนูุงูู ุฎุทุฑ**: ุจุฑุฑุณ ุนูุงูู ฺฉู ูโุชูุงููุฏ ููุฌุฑ ุจู ุจุฑูุฒ ุขุจ ูุฑูุงุฑุฏ ุดููุฏ.\n3. **ุนูุงุฆู ู ุชุดุฎุต**: ฺฺฏููู ูโุชูุงู ุขุจ ูุฑูุงุฑุฏ ุฑุง ุชุดุฎุต ุฏุงุฏ ู ฺู ุนูุงุฆู ุฏุงุฑุฏ.\n4. **ุฑูุดโูุง ุฏุฑูุงู**: ุงุฒ ุฌุฑุงุญ ุชุง ุฏุฑูุงูโูุง ุฌุงฺฏุฒู.\n5. **ูพุดฺฏุฑ ู ูุฑุงูุจุช**: ุฑุงูฺฉุงุฑูุง ุจุฑุง ฺฉุงูุด ุฎุทุฑ ุจุฑูุฒ ุขุจ ูุฑูุงุฑุฏ.\n6. **ุชุฌุฑุจุงุช ุจูุงุฑุงู**: ุฏุงุณุชุงูโูุง ูุงูุน ุงุฒ ุงูุฑุงุฏ ฺฉู ุจุง ุขุจ ูุฑูุงุฑุฏ ุฒูุฏฺฏ ฺฉุฑุฏูโุงูุฏ.\n7. **ูพุดุฑูุชโูุง ุฌุฏุฏ ุฏุฑ ุฏุฑูุงู**: ุจุฑุฑุณ ุขุฎุฑู ุชุญููุงุช ู ุชฺฉููููฺโูุง ุฏุฑ ุฏุฑูุงู ุขุจ ูุฑูุงุฑุฏ.\n\n### ุทุฑุญ ฺฉู ูุตูโูุง:\n1. **ูุตู ุงูู: ููุฏูู**\n   - ุชุนุฑู ู ุงููุช ุขุจ ูุฑูุงุฑุฏ\n   - ุชุงุฑุฎฺู ู ฺฉุดู ุขู\n\n2. **ูุตู ุฏูู: ุนูู ู ุนูุงูู ุฎุทุฑ**\n   - ุนูุงูู ฺูุชฺฉ\n   - ุชุงุซุฑุงุช ูุญุท ู ุณุจฺฉ ุฒูุฏฺฏ\n\n3. **ูุตู ุณูู: ุนูุงุฆู ู ุชุดุฎุต**\n   - ุนูุงุฆู ุงููู ู ูพุดุฑูุชู\n   - ุฑูุดโูุง ุชุดุฎุต\n\n4. **ูุตู ฺูุงุฑู: ุฑูุดโูุง ุฏุฑูุงู**\n   - ุฌุฑุงุญ ู ุชฺฉูฺฉโูุง ููู\n   - ุฏุฑูุงูโูุง ุบุฑุฌุฑุงุญ\n\n5. **ูุตู ูพูุฌู: ูพุดฺฏุฑ ู ูุฑุงูุจุช**\n   - ุชุบุฐู ู ุณุจฺฉ ุฒูุฏฺฏ\n   - ูุฑุงูุจุชโูุง ฺุดู\n\n6. **ูุตู ุดุดู: ุชุฌุฑุจุงุช ุจูุงุฑุงู**\n   - ูุตุงุญุจูโูุง ู ุฏุงุณุชุงูโูุง ุดุฎุต\n   - ุฏุฑุณโูุง ุงุฒ ุชุฌุฑุจู\n\n7. **ูุตู ููุชู: ูพุดุฑูุชโูุง ุฌุฏุฏ ุฏุฑ ุฏุฑูุงู**\n   - ููุขูุฑโูุง ู ุชุญููุงุช ุฌุฏุฏ\n   - ุขูุฏู ุฏุฑูุงู ุขุจ ูุฑูุงุฑุฏ\n\n### ูฺฉุงุช ุจูุจูุฏ ุณุจฺฉ ููุดุชุงุฑ:\n- **ูุถูุญ ู ุดูุงูุช**: ุงุฒ ุฌููุงุช ฺฉูุชุงู ู ูุณุชูู ุงุณุชูุงุฏู ฺฉูุฏ ุชุง ููุงูู ูพฺุฏู ุจู ุณุงุฏฺฏ ููุชูู ุดููุฏ.\n- **ุงุณุชูุงุฏู ุงุฒ ูุซุงูโูุง**: ุจุฑุง ุชูุถุญ ููุงููุ ุงุฒ ูุซุงูโูุง ูุงูุน ุง ุฏุงุณุชุงูโูุง ฺฉูุชุงู ุงุณุชูุงุฏู ฺฉูุฏ.\n- **ุฒุจุงู ุณุงุฏู ู ูุงุจู ููู**: ุงุตุทูุงุญุงุช ุชุฎุตุต ุฑุง ุชูุถุญ ุฏูุฏ ู ุงุฒ ุฒุจุงู ุณุงุฏู ุงุณุชูุงุฏู ฺฉูุฏ ุชุง ูุฎุงุทุจุงู ุจุดุชุฑ ุฌุฐุจ ุดููุฏ.\n\nุงฺฏุฑ ูุงุฒ ุจู ฺฉูฺฉ ุจุดุชุฑ ุฏุงุฑุฏ ุง ูโุฎูุงูุฏ ุฑู ุจุฎุด ุฎุงุต ุชูุฑฺฉุฒ ฺฉูุฏุ ุฎูุดุญุงู ูโุดูู ฺฉู ุจุดุชุฑ ฺฉูฺฉ ฺฉูู!', '2025-08-27 09:03:11', '', 'image', '', '92ac38ff-eeeb-461d-b291-a69660b83c46'),
(81, 15, 'ุจุฑุง ุชููุฏ ุชุตูุฑ ุงุจุชุฏุง ูพุงุฑุงูุชุฑูุง ุฒุฑ ุฑุง ุฏุฑ ูุธุฑ ุจฺฏุฑ\r\nููุงุด ุขุจุฑูฺฏ\r\nููุฑ ุฏุฑุงูุงุชฺฉ\r\nุงุชุงู ุฏูุฌ ุจุง ููุฑ ฺฏุฑู\r\nุขุฑุงู ู ุตูุญโุขูุฒ ุณูพุณ ุจุง ุชูุฌู ุจู ุชูุถุญุงุช ุชุตูุฑ ุฑุง ุชููุฏ ฺฉู ุ ุชูุถุญุงุช : ููุฑ ุงุฑุงู ฺฉู ุฏุฑ ฺฉูุงุฑุด ฺฉ ุณู ุงุฒ ุงูุงุฑ ู ุณุจ ุงุณุช', NULL, '2025-08-27 19:37:39', 'ููุฑ ุงุฑุงู ฺฉู ุฏุฑ ฺฉูุงุฑุด ฺฉ ุณู ุงุฒ ุงูุงุฑ ู ุณุจ ุงุณุช', 'image', 'static/uploads\\user_9a0f58d1-c3ac-4572-9741-8cbbf74666d8\\cab62d965b7d84fc.png', '9a0f58d1-c3ac-4572-9741-8cbbf74666d8'),
(82, 15, 'ุจุฑุง ุชููุฏ ุชุตูุฑ ุงุจุชุฏุง ูพุงุฑุงูุชุฑูุง ุฒุฑ ุฑุง ุฏุฑ ูุธุฑ ุจฺฏุฑ\r\nุดุดู ุง\r\nููุฑ ูุฆูู\r\nุตุญูู ุฒุฑ ุขุจ\r\nุฌู ุฑูุฒุขููุฏ ุณูพุณ ุจุง ุชูุฌู ุจู ุชูุถุญุงุช ุชุตูุฑ ุฑุง ุชููุฏ ฺฉู ุ ุชูุถุญุงุช : ุฎุฑุณ ูุทุจ ุตูุฑุช', NULL, '2025-08-28 11:59:52', 'ุฎุฑุณ ูุทุจ ุตูุฑุช', 'image', 'static/uploads\\user_9a0f58d1-c3ac-4572-9741-8cbbf74666d8\\8e6696cb62fdf4e4.png', '9a0f58d1-c3ac-4572-9741-8cbbf74666d8');

-- --------------------------------------------------------

--
-- Table structure for table `ai_inputs`
--

CREATE TABLE `ai_inputs` (
  `id` int NOT NULL,
  `ai_model_id` int NOT NULL,
  `title` varchar(255) NOT NULL,
  `name` varchar(100) NOT NULL,
  `input_type` varchar(50) NOT NULL,
  `options` text
) ENGINE=InnoDB DEFAULT CHARSET=utf8mb4 COLLATE=utf8mb4_0900_ai_ci;

--
-- Dumping data for table `ai_inputs`
--

INSERT INTO `ai_inputs` (`id`, `ai_model_id`, `title`, `name`, `input_type`, `options`) VALUES
(104, 6, 'ุชูุถุญุงุช', 'description', 'textarea', NULL),
(122, 7, 'ูุชู', 'text', 'textarea', NULL),
(123, 8, 'ูุชู', 'text', 'textarea', NULL),
(167, 15, 'ุณุจฺฉ ุชุตูุฑ', 'style', 'select', '[\"ุณููุง\", \"ฺฉุงุฑุชูู\", \"ูุงูุชุฒ\", \"ุดุดู ุง\", \"ฺฉูุงุณฺฉ\", \"ููุงุด ุขุจุฑูฺฏ\", \"ุฑุฆุงู\", \"ูุฆูู\"]'),
(168, 15, 'ููุฑ', 'lighting', 'radiobutton', '[\"ููุฑ ูุฑู\", \"ููุฑ ุฏุฑุงูุงุชฺฉ\", \"ููุฑ ูพุณโุฒููู\", \"ููุฑ ุณุงุนุช ุทูุง\", \"ุณุงูโูุง ุดุฏุฏ\", \"ููุฑ ูุฆูู\"]'),
(169, 15, 'ูุญุท', 'environment', 'radiobutton', '[\"ุฌูฺฏู ููโุขููุฏ\", \"ุฎุงุจุงู ุดููุบ ุดูุฑ\", \"ฺฉุชุงุจุฎุงูู ุณุงฺฉุช\", \"ุตุญูู ุฒุฑ ุขุจ\", \"ุงุชุงู ุฏูุฌ ุจุง ููุฑ ฺฏุฑู\"]'),
(170, 15, 'ูุถุง', 'mood', 'select', '[\"ุฌู ุฑูุฒุขููุฏ\", \"ุขุฑุงู ู ุตูุญโุขูุฒ\", \"ุชุงุฑฺฉ ู ูููโุขูุฑ\", \"ุฑูุดู ู ุดุงุฏ\", \"ูุถุง ุจุงุฒ ูุณุน\"]'),
(186, 1, 'ููุถูุน', 'subject', 'text', NULL),
(187, 9, 'ุณู', 'age', 'number', NULL),
(188, 9, 'ูุฏ', 'height', 'number', NULL),
(189, 9, 'ูุฒู', 'weight', 'number', NULL),
(190, 9, 'ุณุทุญ ุชูุงุณุจ ุงูุฏุงู', 'fitness_level', 'select', '[\"ูุจุชุฏ\", \"ูุชูุณุท\", \"ูพุดุฑูุชู\"]'),
(191, 9, 'ูุฏู', 'goal', 'select', '[\"ฺุงู\", \"ูุงุบุฑ\", \"ุชูุงุณุจ ุงูุฏุงู\", \"ุนุถูู ุณุงุฒ\"]'),
(192, 5, 'ููุน ุฎูุฏุฑู', 'vehicle_type', 'text', NULL),
(193, 5, 'ุจุฑูุฏ ู ูุฏู', 'brand_model', 'text', NULL),
(194, 5, 'ุณุงู ุณุงุฎุช', 'manufacture_year', 'text', NULL),
(195, 5, 'ููุน ุณูุฎุช', 'fuel_type', 'text', NULL),
(196, 5, 'ูุณุงูุช ูพููุฏู ุดุฏู ูุนู', 'current_mileage', 'text', NULL),
(197, 5, 'ุขุฎุฑู ุณุฑูุณ ุนููู (ุชุงุฑุฎ)', 'last_general_service_date', 'text', NULL),
(198, 5, 'ุขุฎุฑู ุณุฑูุณ ุนููู (ฺฉูููุชุฑ)', 'last_general_service_km', 'text', NULL),
(199, 5, 'ุขุฎุฑู ุชุนูุถ ุฑูุบู (ุชุงุฑุฎ)', 'last_oil_change_date', 'text', NULL),
(200, 5, 'ุขุฎุฑู ุชุนูุถ ุฑูุบู (ฺฉูููุชุฑ)', 'last_oil_change_km', 'text', NULL),
(201, 5, 'ุขุฎุฑู ุชุนูุถ ููุชุฑ (ุชุงุฑุฎ)', 'last_filter_change_date', 'text', NULL),
(202, 5, 'ุขุฎุฑู ุชุนูุถ ููุชุฑ (ฺฉูููุชุฑ)', 'last_filter_change_km', 'text', NULL),
(203, 5, 'ุขุฎุฑู ุชุนูุถ (ุชุฑูุฒุ ุจุงุชุฑุ ุชุณูู ุชุงู ู ุบุฑู)', 'last_replacement_info', 'textarea', NULL),
(204, 5, 'ุณูุฑูุง ุทููุงู ุง ุงุณุชูุงุฏู ุณูฺฏู ุงุฎุฑ (ุชุงุฑุฎ ุชูุฑุจ ู ุชูุถุญุงุช)', 'long_trip_info', 'textarea', NULL),
(206, 3, 'ููุถูุน ูุญุชูุง', 'subject', 'text', NULL),
(207, 2, 'ุนููุงู ุจูุงุฑ', 'subject', 'text', NULL),
(212, 4, 'ููุถูุน ฺฉุชุงุจ', 'subject', 'text', NULL);

-- --------------------------------------------------------

--
-- Table structure for table `ai_models`
--

CREATE TABLE `ai_models` (
  `id` int NOT NULL,
  `title` varchar(255) NOT NULL,
  `description` text,
  `prompt` text,
  `system_prompt` text,
  `max_tokens` int DEFAULT '500',
  `provider` varchar(255) NOT NULL,
  `model` varchar(255) NOT NULL,
  `icon` varchar(255) DEFAULT NULL,
  `type` enum('image','text','video','audio') NOT NULL
) ENGINE=InnoDB DEFAULT CHARSET=utf8mb4 COLLATE=utf8mb4_0900_ai_ci;

--
-- Dumping data for table `ai_models`
--

INSERT INTO `ai_models` (`id`, `title`, `description`, `prompt`, `system_prompt`, `max_tokens`, `provider`, `model`, `icon`, `type`) VALUES
(1, 'ุขุดูพุฒ', 'ุฏุณุชุงุฑ ุขุดูพุฒ ฺฉ ูุชุฎุตุต ุฏุฑ ุญูุฒู ุขุดูพุฒ ุงุณุช ฺฉู ูุฏู ุงุตู ุงู ฺฉูฺฉ ุจู ุดูุง ุฏุฑ ุชููุ ูพุฎุช ู ุณุฑู ุบุฐุงูุงุณุช. ุงู ุฏุณุชุงุฑ ุจู ููุถูุนุงุช ูุฑุจูุท ุจู ุขุดูพุฒุ ุฏุณุชูุฑ ูพุฎุชุ ููุงุฏ ุงูููุ ุฑูุดโูุง ูพุฎุชุ ุชุฑููุฏูุง ุขุดูพุฒ ู ูฺฉุงุช ุชุบุฐูโุง ูุฑุจูุท ุจู ุบุฐุงูุง ูพุงุณุฎ ูโุฏูุฏ.', 'Generate a comprehensive and well-structured article in Persian (Farsi) about the topic of {subject}.', 'You are a chef and must only talk about cooking.  \r\nDo not discuss any other topics.  \r\nAlways respond in Persian (Farsi).', 16000, 'deepseek', 'deepseek-chat', '<i class=\"fa-solid fa-kitchen-set\"></i>', 'text'),
(2, 'ฺุดู ูพุฒุดฺฉ', 'ุฏุณุชุงุฑ ฺุดูโูพุฒุดฺฉ ฺฉ ุงุจุฒุงุฑ ููุดููุฏ ุจุฑุง ุฑุงูููุง ุจูุงุฑุงู ุฏุฑ ูุณุฑ ูุฑุงุฌุนูุ ูุนุงูู ู ูพฺฏุฑ ุฏุฑูุงูโูุง ฺุดู ุงุณุช. ุงู ุฏุณุชุงุฑ ุจุง ูพุงุณุฎ ุจู ุณูุงูุงุช ุฑุงุฌุ ุงุฏุขูุฑ ููุจุชโูุง ู ุงุฑุงุฆู ุงุทูุงุนุงุช ฺฉุงุฑุจุฑุฏุ ุชุฌุฑุจูโุง ุณุฑุนโุชุฑ ู ุขฺฏุงูุงููโุชุฑ ูุฑุงูู ูโฺฉูุฏ. ุจุง ุฒุจุงู ุณุงุฏู ู ูุงุจู ูููุ ููุดู ฺฉูุงุฑ ุดูุงุณุช ุชุง ุฏุฑ ูุณุฑ ุณูุงูุช ฺุดูุ ููุฑุงูุชุงู ุจุงุดุฏ.', 'Can you explain {subject} in simple terms? I want to understand what it is, why it matters, and what I should do if I experience it.', 'You are a helpful and knowledgeable virtual ophthalmology assistant. Your role is to explain eye-related topics clearly, simply, and accurately to patients or their families. Use friendly, non-technical language, avoid medical jargon unless necessary, and offer useful tips or warnings if applicable. You are supportive, empathetic, and focused on making complex information easy to understand for non-experts.\r\nAlways respond in Persian (Farsi).', 2000, 'openai', 'gpt-4o', '<i class=\"fa-regular fa-eye\"></i>', 'text'),
(3, 'ุงูุณุชุงฺฏุฑุงู', 'ุฏุณุชุงุฑ ุงูุณุชุงฺฏุฑุงู ฺฉ ุงุจุฒุงุฑ ููุดููุฏ ุจุฑุง ุชููุฏ ูุญุชูุง ู ุงูุชุฎุงุจ ูุดุชฺฏโูุง ุญุฑููโุง ุงุณุช. ุงู ุฏุณุชุงุฑ ุจู ุดูุง ฺฉูฺฉ ูโฺฉูุฏ ุชุง ุจุฑุง ูพุณุชโูุง ุฎูุฏ ฺฉูพุดูโูุง ุฌุฐุงุจ ุจููุณุฏุ ูุดุชฺฏโูุง ูุฑุชุจุท ู ูพุฑุจุงุฒุฏู ูพุฏุง ฺฉูุฏุ ู ูุญุชูุง ุฎูุฏ ุฑุง ุจุฑุง ุงูฺฏูุฑุชู ุงูุณุชุงฺฏุฑุงู ุจูููโุณุงุฒ ฺฉูุฏ.\r\nุจุง ุฒุจุงู ุณุงุฏู ู ุฑูฺฉุฑุฏ ุฎูุงูุ ุงู ุฏุณุชุงุฑ ูุฎุตูุต ุชูุงู ุงูุฑุงุฏโุณุช ฺฉู ูโุฎูุงููุฏ ุฏุฑ ุงูุณุชุงฺฏุฑุงู ุจูุชุฑ ุฏุฏู ุดููุฏ.\r\nุงุฒ ูุฑูุดฺฏุงูโูุง ุขููุงู ู ุจูุงฺฏุฑูุง ฺฏุฑูุชู ุชุง ฺฉุณุจโูฺฉุงุฑูุง ฺฉูฺฺฉ ู ุจุฑูุฏูุง ุดุฎุต.', 'Iโm posting about {subject} on Instagram. Can you help me write a caption and suggest the best hashtags for it?', 'You are an AI assistant specialized in Instagram content creation and hashtag strategy. Your job is to help users write engaging captions, generate relevant hashtags, and optimize their posts for reach and engagement. Use a friendly, modern tone that matches Instagram trends. Always consider the type of content (e.g. photo, reel, carousel) and the target audience. Provide hashtags that are relevant, balanced (between popular and niche), and in line with the topic.\r\nAlways respond in Persian (Farsi).', 2000, 'openai', 'gpt-4o', '<i class=\"fa-brands fa-instagram\"></i>', 'text'),
(4, 'ููุณูุฏู ฺฉุชุงุจ', 'ุฏุณุชุงุฑ ููุณูุฏู ฺฉุชุงุจ ฺฉ ููุฑุงู ููุดููุฏ ุจุฑุง ููุณูุฏฺฏุงู ุงุณุช ฺฉู ุฏุฑ ููู ูุฑุงุญู ุฎูู ฺฉุชุงุจุ ุงุฒ ุงุฏูโูพุฑุฏุงุฒ ู ุทุฑุญโุฑุฒ ฺฏุฑูุชู ุชุง ููุดุชูุ ูุฑุงุด ู ุณุงุฒูุงูุฏู ูุญุชูุงุ ุจู ุดูุง ฺฉูฺฉ ูโฺฉูุฏ. ุงู ุฏุณุชุงุฑ ูโุชูุงูุฏ ุจุง ุงุฑุงุฆู ูพุดููุงุฏุงุช ููุดุชุงุฑุ ุงุตูุงุญ ุฌููุงุชุ ุณุงุฎุชุงุฑุฏู ูุตูโูุง ู ูพุงุณุฎ ุจู ุณูุงูุงุช ุดูุงุ ูุฑุขูุฏ ููุดุชู ฺฉุชุงุจ ุฑุง ุณุงุฏูโุชุฑ ู ุฎูุงูุงููโุชุฑ ฺฉูุฏ.\r\nููุงุณุจ ููุณูุฏฺฏุงู ุชุงุฒูโฺฉุงุฑ ู ุญุฑููโุง ฺฉู ูโุฎูุงููุฏ ุฏุงุณุชุงู ุง ูุชู ุฎูุฏ ุฑุง ุจู ุจูุชุฑู ุดฺฉู ููฺฉู ุจุงู ฺฉููุฏ.', 'Iโm writing a book about {subject}. Can you help me brainstorm ideas, outline chapters, or improve my writing on this topic?', 'You are a creative and knowledgeable book writing assistant. Your role is to help authors at every stage of the writing process, including brainstorming ideas, outlining chapters, improving writing style, editing text, and organizing content logically. Use clear, encouraging, and constructive language. Provide practical tips and examples to help the writer express their ideas better and maintain coherence throughout the manuscript.\r\nAlways respond in Persian (Farsi).', 2000, 'openai', 'gpt-4o', '<i class=\"fa-solid fa-feather\"></i>', 'text'),
(5, 'ูุฏุฑุช ุฎูุฏุฑู', 'ุฏุณุชุงุฑ ูุฏุฑุช ุฎูุฏุฑู ฺฉ ุงุจุฒุงุฑ ููุดููุฏ ุจุฑุง ุซุจุช ุงุทูุงุนุงุช ฺฉุงูู ูุณูู ูููู ู ุจุฑูุงููโุฑุฒ ุณุฑูุณโูุง ุฏูุฑูโุง ุงุณุช. ุจุง ูุงุฑุฏ ฺฉุฑุฏู ุฌุฒุฆุงุช ูุงููุฏ ููุน ุฎูุฏุฑูุ ูุฏูุ ุณุงู ุณุงุฎุชุ ููุน ุณูุฎุชุ ู ฺฉูููุชุฑ ูุนูุ ุงู ุฏุณุชุงุฑ ุจู ุดูุง ฺฉูฺฉ ูโฺฉูุฏ ุฒูุงู ููุงุณุจ ุจุฑุง ุชุนูุถ ุฑูุบูุ ููุชุฑูุงุ ููุช ุชุฑูุฒุ ุจุงุชุฑุ ุชุณูู ุชุงู ู ุณุงุฑ ุณุฑูุณโูุง ุฑุง ุงุฏุขูุฑ ฺฉูุฏ. ููฺูู ูโุชูุงูุฏ ุจุง ุซุจุช ุงุทูุงุนุงุช ุณูุฑูุง ุทููุงูุ ูุฒุงู ุงุณุชููุงฺฉ ุฎูุฏุฑู ุฑุง ุฏููโุชุฑ ูุฏุฑุช ฺฉูุฏ. ุงู ุฏุณุชุงุฑ ููุงุณุจ ุฑุงููุฏฺฏุงู ุดุฎุตุ ูุฏุฑุงู ูุงูฺฏุงูุ ู ุชูุงู ฺฉุณุงู ุงุณุช ฺฉู ุจู ูฺฏูุฏุงุฑ ุจููู ุฎูุฏุฑู ุงููุช ูโุฏููุฏ.', 'I want to register a vehicle and track its maintenance.\r\nHere are the details:\r\nVehicle Type: {vehicle_type}\r\nBrand & Model: {brand_model}\r\nYear of Manufacture: {manufacture_year}\r\nFuel Type: {fuel_type}\r\nCurrent Mileage: {current_mileage}\r\n๐ Maintenance Info\r\nLast General Service (date & km): {last_general_service_date}, {last_general_service_km}\r\nLast Oil Change (date & km): {last_oil_change_date}, {last_oil_change_km}\r\nLast Filter Change (date & km): {last_filter_change_date}, {last_filter_change_km}\r\nLast Replacement (brakes, battery, timing belt, etc.): {last_replacement_info}\r\nRecent Long Trips or Heavy Use (approx. date & description): {long_trip_info}\r\nCan you help me store this and set reminders for future services?', 'You are an intelligent assistant designed to help users manage and track vehicle information and maintenance schedules. Collect and understand details about each vehicle including type, brand, model, fuel type, mileage, and key maintenance events. When possible, use this data to recommend service reminders or estimate wear based on usage. Be accurate, concise, and helpful. If certain information (like VIN or license plate) is not provided, handle gracefully but note that accuracy may be reduced.\r\nAlways respond in Persian (Farsi).', 2000, 'openai', 'gpt-4o', '<i class=\"fa-solid fa-car\"></i>', 'text'),
(6, 'ูุดุงูุฑ ุญููู', 'ุฏุณุชุงุฑ ูุดุงูุฑ ุญููู ฺฉ ุงุจุฒุงุฑ ููุดููุฏ ุงุณุช ฺฉู ุจุง ุชูุฑฺฉุฒ ุจุฑ ููุงูู ุฌูููุฑ ุงุณูุงู ุงุฑุงูุ ุจู ุดูุง ฺฉูฺฉ ูโฺฉูุฏ ูุณุงุฆู ุญููู ุฑุง ุจู ุฒุจุงู ุณุงุฏู ู ูุงุจู ููู ุฏุฑฺฉ ฺฉูุฏ. ุงู ุฏุณุชุงุฑ ูุงุฏุฑ ุงุณุช ุชูุถุญุงุช ุฏุฑุจุงุฑู ุญูููุ ุชฺฉุงููุ ูุฑุขูุฏูุง ู ุฑุงูฺฉุงุฑูุง ูุงููู ุงุฑุงุฆู ุฏูุฏ ุงูุง ููโุชูุงูุฏ ุฌุงฺฏุฒู ูฺฉู ุฑุณู ุดูุฏ. ุงฺฏุฑ ููุถูุน ูุงุฒููุฏ ูุดุงูุฑู ุชุฎุตุต ู ูฺฉุงูุช ุจุงุดุฏุ ุดูุง ุฑุง ุจู ูุฑุงุฌุนู ุจู ูฺฉู ูุฌุงุฒ ุฑุงูููุง ูโฺฉูุฏ. ุงู ุฏุณุชุงุฑ ููุงุณุจ ุนููู ูุฑุฏู ุงุณุช ฺฉู ูโุฎูุงููุฏ ุญููู ุฎูุฏ ุฑุง ุจูุชุฑ ุจุดูุงุณูุฏ ู ุชุตููุงุช ุจูุชุฑ ุจฺฏุฑูุฏ.', 'Please explain the following topic in simple and clear terms: {description}. I want to understand the main points, important details, and any necessary steps or precautions related to it.', 'You are a legal assistant specialized in Iranian law. Your task is to provide general legal guidance based on the laws and regulations of the Islamic Republic of Iran. You explain legal topics, terms, and procedures in clear and simple Persian (Farsi), suitable for the general public. You do not offer formal legal representation or replace a licensed attorney, but you help users understand their rights, obligations, and available legal pathways. If a topic requires official legal intervention, recommend the user consult a licensed lawyer in Iran.Always respond in Persian (Farsi).', 2000, 'openai', 'gpt-4o', '<i class=\"fa-solid fa-scale-balanced\"></i>', 'text'),
(7, 'ูุฑุงุณุชุงุฑ', 'ุฏุณุชุงุฑ ูุฑุงุณุชุงุฑ ฺฉ ุงุจุฒุงุฑ ููุดููุฏ ุจุฑุง ฺฉูฺฉ ุจู ุจูุจูุฏ ฺฉูุช ูุชูู ุดูุงุณุช. ุงู ุฏุณุชุงุฑ ูโุชูุงูุฏ ุงููุง ฺฉููุงุชุ ูฺฏุงุฑุด ุฌููุงุชุ ุฏุณุชูุฑ ุฒุจุงูุ ุณุงุฎุชุงุฑ ูพุงุฑุงฺฏุฑุงูโูุง ู ุฑูุงู ุจูุฏู ูุชู ุฑุง ุจุฑุฑุณ ู ุงุตูุงุญ ฺฉูุฏ. ูุฏู ุขู ุงุฑุงุฆู ูพุดููุงุฏูุง ุฏูู ู ฺฉุงุฑุจุฑุฏ ุจุฑุง ุงุฑุชูุง ูุชู ุดูุงุ ฺู ุฏุฑ ุญูุฒู ุงุฏุจุงุชุ ููุงููโููุณุ ฺฏุฒุงุฑุด ุง ูุฑ ููุน ููุดุชู ุฏฺฏุฑ ุงุณุช. ููุงุณุจ ููุณูุฏฺฏุงูุ ุฏุงูุดุฌูุงูุ ู ูุฑ ฺฉุณ ฺฉู ูโุฎูุงูุฏ ูุชู ุญุฑููโุงโุชุฑ ู ุฎูุงูุงุชุฑ ุฏุงุดุชู ุจุงุดุฏ.', 'Please review and improve the following text: {text} Focus on spelling, grammar, sentence flow, and overall clarity.', 'You are a smart and helpful editing assistant. Your role is to improve texts by checking spelling, grammar, sentence structure, and clarity. Provide constructive suggestions to enhance the readability and professionalism of the text. Be polite, clear, and concise in your feedback.\r\nAlways respond in Persian (Farsi).', 2000, 'openai', 'gpt-4o', '<i class=\"fa-solid fa-pen-to-square\"></i>', 'text'),
(8, 'ุฎูุงุตู ุณุงุฒ ูุชู', 'ุฏุณุชุงุฑ ุฎูุงุตูโุณุงุฒ ูุชู ุงุจุฒุงุฑ ููุดููุฏ ุงุณุช ฺฉู ุจู ุดูุง ฺฉูฺฉ ูโฺฉูุฏ ูุชูู ุทููุงู ุฑุง ุจู ุตูุฑุช ุฎูุงุตู ู ููุฏ ุฏุฑุงูุช ฺฉูุฏ. ุงู ุฏุณุชุงุฑ ุจุง ุญูุธ ูฺฉุงุช ฺฉูุฏ ู ููููู ุงุตูุ ูุชู ุฑุง ุจู ุฒุจุงู ุณุงุฏูโุชุฑ ู ฺฉูุชุงูโุชุฑ ุงุฑุงุฆู ูโุฏูุฏ ุชุง ุฏุฑ ุฒูุงู ุดูุง ุตุฑููโุฌู ฺฉูุฏ ู ููู ููุถูุน ุฑุง ุขุณุงูโุชุฑ ฺฉูุฏ. ููุงุณุจ ุฏุงูุดุฌูุงูุ ูพฺููุดฺฏุฑุงูุ ุฑูุฒูุงููโูฺฏุงุฑุงู ู ูุฑ ฺฉุณ ฺฉู ุจุง ุญุฌู ุฒุงุฏ ุงุฒ ุงุทูุงุนุงุช ูุชู ุณุฑูฺฉุงุฑ ุฏุงุฑุฏ.', 'Please summarize the following text: {text} Make sure to keep the important details and main ideas clear and concise.\r\nAlways respond in Persian (Farsi).', 'You are an intelligent assistant specialized in summarizing long texts. Your goal is to extract the key points and main ideas, then present them concisely and clearly without losing the core meaning. Use simple and accessible language so that the summary is easy to understand.', 2000, 'openai', 'gpt-4o', '<i class=\"fa-solid fa-file-lines\"></i>', 'text'),
(9, 'ูุฑุจ ุจุฏูุณุงุฒ', 'ุฏุณุชุงุฑ ูุฑุจ ุจุฏูุณุงุฒ ฺฉ ููุฑุงู ููุดููุฏ ุจุฑุง ุจุฑูุงููโุฑุฒ ุชูุฑูุงุชุ ุงุฑุงุฆู ูฺฉุงุช ูุฑุฒุดุ ู ูพุงุณุฎ ุจู ุณูุงูุงุช ูุฑุชุจุท ุจุง ุจุฏูุณุงุฒ ู ุชุบุฐู ุงุณุช. ุงู ุฏุณุชุงุฑ ูโุชูุงูุฏ ุจู ุดูุง ุฏุฑ ุชุนู ุจุฑูุงููโูุง ุชูุฑู ููุงุณุจ ุณุทุญ ู ูุฏู ุดูุง ฺฉูฺฉ ฺฉูุฏุ ุฑูุดโูุง ุตุญุญ ุงูุฌุงู ุญุฑฺฉุงุช ุฑุง ุชูุถุญ ุฏูุฏุ ู ุฑุงูฺฉุงุฑูุง ุจุฑุง ุญูุธ ุงูฺฏุฒู ู ูพุดุฑูุช ุงุฑุงุฆู ุฏูุฏ. ููุงุณุจ ูุฑุฒุดฺฉุงุฑุงู ูุจุชุฏ ุชุง ุญุฑููโุง ฺฉู ูโุฎูุงููุฏ ุจุง ุฏุงูุด ู ุจุฑูุงููโุฑุฒ ุจูุชุฑ ุจู ุงูุฏุงู ุจุฏู ุฎูุฏ ุจุฑุณูุฏ.', 'I want to improve my fitness with a workout plan focused on {subject}. My details are as follows:\r\nAge: {age}\r\nHeight: {height}\r\nWeight: {weight}\r\nFitness level: {fitness_level}\r\nGoal: {goal}\r\nPlease design a workout plan and provide tips on exercise and nutrition tailored to my needs.', 'You are a knowledgeable and supportive fitness coach assistant. Your role is to help users create effective workout plans, explain exercises with proper form, provide nutrition tips, and motivate them to reach their fitness goals. Communicate in a friendly and encouraging tone, tailoring advice to the userโs fitness level and objectives.\r\nAlways respond in Persian (Farsi).', 3000, 'openai', 'gpt-4o', '<i class=\"fa-solid fa-dumbbell\"></i>', 'text'),
(15, 'ุชููุฏ ุชุตูุฑ', 'ุชููุฏ ุชุตูุฑ', 'ุจุฑุง ุชููุฏ ุชุตูุฑ ุงุจุชุฏุง ูพุงุฑุงูุชุฑูุง ุฒุฑ ุฑุง ุฏุฑ ูุธุฑ ุจฺฏุฑ\r\n{style}\r\n{lighting}\r\n{environment}\r\n{mood}', '', 2000, 'openai', 'gpt-4o', '<i class=\"fa-solid fa-image\"></i>', 'image'),
(16, 'ุชููุฏ ุตุฏุง', 'ุงู ุฏุณุชุงุฑ ูุชู ูุงุฑุฏ ุดุฏู ุฑุง ุจูโุตูุฑุช ุตุฏุง ุทุจุน ู ุฑูุงู ุชุจุฏู ูโฺฉูุฏ.\r\nุจุฑุง ูุซุงูุ ูโุชูุงูุฏ ูุชู ุฑุง ูุงุฑุฏ ฺฉุฑุฏู ู ุฎุฑูุฌ ุขู ุฑุง ุจูโุตูุฑุช ูุงู ุตูุช (ูุฑูุช MP3) ุฏุฑุงูุช ู ูพุฎุด ฺฉูุฏ.', '', '', 500, 'openai', 'gpt-4o-mini-tts', '<i class=\"fas fa-headphones-alt\"></i>', 'audio');

-- --------------------------------------------------------

--
-- Table structure for table `alembic_version`
--

CREATE TABLE `alembic_version` (
  `version_num` varchar(32) NOT NULL
) ENGINE=InnoDB DEFAULT CHARSET=utf8mb4 COLLATE=utf8mb4_0900_ai_ci;

--
-- Dumping data for table `alembic_version`
--

INSERT INTO `alembic_version` (`version_num`) VALUES
('c400414e7b02');

-- --------------------------------------------------------

--
-- Table structure for table `assistants`
--

CREATE TABLE `assistants` (
  `id` int NOT NULL,
  `title` varchar(255) NOT NULL,
  `description` text,
  `domain` varchar(255) NOT NULL,
  `faiss_url` varchar(500) DEFAULT NULL,
  `pkl_url` varchar(500) DEFAULT NULL,
  `excel_url` varchar(500) DEFAULT NULL,
  `status` tinyint(1) DEFAULT NULL,
  `slug` varchar(36) NOT NULL,
  `user_id` varchar(36) NOT NULL
) ENGINE=InnoDB DEFAULT CHARSET=utf8mb4 COLLATE=utf8mb4_0900_ai_ci;

--
-- Dumping data for table `assistants`
--

INSERT INTO `assistants` (`id`, `title`, `description`, `domain`, `faiss_url`, `pkl_url`, `excel_url`, `status`, `slug`, `user_id`) VALUES
(21, 'dfsf', 'sdf', 'shetabito.ir', 'static\\uploads\\user_92ac38ff-eeeb-461d-b291-a69660b83c46\\vectorstores\\21\\index.faiss', 'static\\uploads\\user_92ac38ff-eeeb-461d-b291-a69660b83c46\\vectorstores\\21\\index.pkl', 'static/uploads\\user_92ac38ff-eeeb-461d-b291-a69660b83c46\\53a3c4e6a3d00c90.xlsx', 1, '87ac8292-6758-4054-a10c-234de560e620', '92ac38ff-eeeb-461d-b291-a69660b83c46');

-- --------------------------------------------------------

--
-- Table structure for table `assistant_user_infos`
--

CREATE TABLE `assistant_user_infos` (
  `id` int NOT NULL,
  `assistant_id` int NOT NULL,
  `fullname` varchar(255) NOT NULL,
  `mobile` varchar(20) NOT NULL,
  `email` varchar(255) NOT NULL,
  `slug` varchar(36) NOT NULL
) ENGINE=InnoDB DEFAULT CHARSET=utf8mb4 COLLATE=utf8mb4_0900_ai_ci;

-- --------------------------------------------------------

--
-- Table structure for table `file_uploads`
--

CREATE TABLE `file_uploads` (
  `id` int NOT NULL,
  `user_id` varchar(36) NOT NULL,
  `filename` varchar(255) NOT NULL,
  `filepath` varchar(512) NOT NULL,
  `content_type` varchar(100) DEFAULT NULL,
  `size` int NOT NULL,
  `uploaded_at` datetime DEFAULT NULL
) ENGINE=InnoDB DEFAULT CHARSET=utf8mb4 COLLATE=utf8mb4_0900_ai_ci;

--
-- Dumping data for table `file_uploads`
--

INSERT INTO `file_uploads` (`id`, `user_id`, `filename`, `filepath`, `content_type`, `size`, `uploaded_at`) VALUES
(1, '9a0f58d1-c3ac-4572-9741-8cbbf74666d8', 'cab62d965b7d84fc.png', 'static/uploads\\user_9a0f58d1-c3ac-4572-9741-8cbbf74666d8\\cab62d965b7d84fc.png', 'image/png', 3403019, '2025-08-27 19:37:39'),
(2, '9a0f58d1-c3ac-4572-9741-8cbbf74666d8', '8e6696cb62fdf4e4.png', 'static/uploads\\user_9a0f58d1-c3ac-4572-9741-8cbbf74666d8\\8e6696cb62fdf4e4.png', 'image/png', 3125107, '2025-08-28 11:59:52');

-- --------------------------------------------------------

--
-- Table structure for table `otps`
--

CREATE TABLE `otps` (
  `id` int NOT NULL,
  `phone` varchar(20) NOT NULL,
  `otp_code` varchar(6) NOT NULL,
  `expire_at` datetime NOT NULL,
  `created_at` datetime DEFAULT NULL,
  `is_used` tinyint(1) DEFAULT NULL
) ENGINE=InnoDB DEFAULT CHARSET=utf8mb4 COLLATE=utf8mb4_0900_ai_ci;

--
-- Dumping data for table `otps`
--

INSERT INTO `otps` (`id`, `phone`, `otp_code`, `expire_at`, `created_at`, `is_used`) VALUES
(2, '09191816172', '925445', '2025-08-28 11:17:15', '2025-08-28 11:12:15', 1);

-- --------------------------------------------------------

--
-- Table structure for table `payments`
--

CREATE TABLE `payments` (
  `id` varchar(36) NOT NULL,
  `user_id` varchar(36) NOT NULL,
  `user_subscription_id` varchar(36) DEFAULT NULL,
  `type` enum('wallet_topup','subscription_direct','subscription_wallet') NOT NULL,
  `amount` float NOT NULL,
  `discount_amount` float DEFAULT NULL,
  `discount_code` varchar(256) DEFAULT NULL,
  `transaction_id` varchar(256) DEFAULT NULL,
  `invoice_number` varchar(256) DEFAULT NULL,
  `authority` varchar(256) DEFAULT NULL,
  `description` varchar(256) DEFAULT NULL,
  `status` enum('pending','paid','failed') NOT NULL,
  `created_at` datetime DEFAULT NULL
) ENGINE=InnoDB DEFAULT CHARSET=utf8mb4 COLLATE=utf8mb4_0900_ai_ci;

--
-- Dumping data for table `payments`
--

INSERT INTO `payments` (`id`, `user_id`, `user_subscription_id`, `type`, `amount`, `discount_amount`, `discount_code`, `transaction_id`, `invoice_number`, `authority`, `description`, `status`, `created_at`) VALUES
('1bd96310-b4c6-4582-a850-9d33e718cb02', '92ac38ff-eeeb-461d-b291-a69660b83c46', NULL, 'subscription_direct', 30000000, NULL, NULL, '6138001', NULL, 'S0000000000000000000000000000002z6yo', 'ุฎุฑุฏ ุจุณุชู ููุดููุฏ', 'paid', '2025-08-21 13:31:19'),
('305cb0d7-70fe-4617-b314-c74b9414f32d', '92ac38ff-eeeb-461d-b291-a69660b83c46', NULL, 'subscription_direct', 25000000, NULL, NULL, NULL, NULL, NULL, 'ุฎุฑุฏ ุจุณุชู ููุดููุฏ', 'pending', '2025-08-21 13:26:59'),
('7276a3fc-bd85-4b25-bb85-547c24dd6598', '92ac38ff-eeeb-461d-b291-a69660b83c46', '856c8959-ed7c-4183-bde9-da0a42b254f8', 'subscription_direct', 25000000, NULL, NULL, '7167601', NULL, 'S000000000000000000000000000000nx1ov', 'ุฎุฑุฏ ุจุณุชู ููุดููุฏ', 'paid', '2025-08-27 19:01:44'),
('8f52d039-7f69-4062-835c-309b1e937245', '92ac38ff-eeeb-461d-b291-a69660b83c46', NULL, 'subscription_direct', 25000000, NULL, NULL, NULL, NULL, NULL, 'ุฎุฑุฏ ุจุณุชู ููุดููุฏ', 'pending', '2025-08-21 13:28:44'),
('a9757afd-fb62-4326-9b1e-76b256f3c24f', '92ac38ff-eeeb-461d-b291-a69660b83c46', NULL, 'subscription_direct', 30000000, NULL, NULL, NULL, NULL, NULL, 'ุฎุฑุฏ ุจุณุชู ููุดููุฏ', 'pending', '2025-08-21 13:20:55'),
('c4b0bb87-a9ea-4dfd-abbf-d5f33eff24a5', '9a0f58d1-c3ac-4572-9741-8cbbf74666d8', '9fc16110-ccac-47a2-a707-45cbe9c84f90', 'subscription_direct', 30000000, NULL, NULL, '7170501', NULL, 'S000000000000000000000000000000y7n2g', 'ุฎุฑุฏ ุจุณุชู ููุดููุฏ', 'paid', '2025-08-27 19:20:20');

-- --------------------------------------------------------

--
-- Table structure for table `permissions`
--

CREATE TABLE `permissions` (
  `id` int NOT NULL,
  `name` varchar(256) DEFAULT NULL,
  `title` varchar(256) DEFAULT NULL
) ENGINE=InnoDB DEFAULT CHARSET=utf8mb4 COLLATE=utf8mb4_0900_ai_ci;

--
-- Dumping data for table `permissions`
--

INSERT INTO `permissions` (`id`, `name`, `title`) VALUES
(1, 'list_user', 'ูุณุช ฺฉุงุฑุจุฑ'),
(2, 'create_user', 'ุงุฌุงุฏ ฺฉุงุฑุจุฑ'),
(3, 'edit_user', 'ูุฑุงุด ฺฉุงุฑุจุฑ'),
(4, 'delete_user', 'ุญุฐู ฺฉุงุฑุจุฑ'),
(5, 'list_role', 'ูุณุช ููุด'),
(6, 'create_role', 'ุงุฌุงุฏ ููุด'),
(7, 'edit_role', 'ูุฑุงุด ููุด'),
(8, 'delete_role', 'ุญุฐู ููุด'),
(9, 'list_permission', 'ูุณุช ูุฌูุฒ'),
(10, 'create_permission', 'ุงุฌุงุฏ ูุฌูุฒ'),
(11, 'edit_permission', 'ูุฑุงุด ูุฌูุฒ'),
(12, 'delete_permission', 'ุญุฐู ูุฌูุฒ'),
(13, 'list_ai', 'ูุณุช ููุด ูุตููุน'),
(14, 'create_ai', 'ุงุฌุงุฏ ููุด ูุตููุน'),
(15, 'edit_ai', 'ูุฑุงุด ููุด ูุตููุน'),
(16, 'delete_ai', 'ุญุฐู ููุด ูุตููุน'),
(17, 'menu_user', 'ููู ูุฏุฑุช ฺฉุงุฑุจุฑุงู'),
(18, 'menu_ai', 'ููู ุฏุณุชุงุฑูุง'),
(19, 'archive_ai', 'ุจุงฺฏุงู'),
(20, 'delete_archive', 'ุญุฐู ุจุงฺฏุงู'),
(21, 'create_assistants', 'ุงุฌุงุฏ ุฏุณุชุงุฑ ุงุฎุชุตุงุต'),
(22, 'edit_assistants', 'ูุฑุงุด ุฏุณุชุงุฑ ุงุฎุชุตุงุต'),
(23, 'list_assistants', 'ูุณุช ุฏุณุชุงุฑูุง ุงุฎุชุตุงุต'),
(24, 'delete_assistants', 'ุญุฐู ุฏุณุชุงุฑ ุงุฎุชุตุงุต'),
(25, 'list_subscription_plan', 'ูุณุช ูพูู ูุง ุจุณุชู'),
(26, 'create_subscription_plan', 'ุงุฌุงุฏ ูพูู ุจุณุชู'),
(27, 'edit_subscription_plan', 'ูุฑุงุด ูพูู ุจุณุชู'),
(28, 'delete_subscription_plan', 'ุญุฐู ูพูู ุจุณุชู'),
(29, 'list_user_subscription', 'ูุณุช ุจุณุชู ูุง ฺฉุงุฑุจุฑ'),
(30, 'delete_user_subscription', 'ุงููุถุง ุจุณุชู ฺฉุงุฑุจุฑ'),
(31, 'view_users_assistants', 'ูุณุช ุฏุณุชุงุฑูุง  ุงุฎุชุตุงุต ฺฉุงุฑุจุฑ'),
(32, 'subscription_plan_buy', 'ุฎุฑุฏ ุจุณุชู'),
(33, 'list_ai_users', 'ูุณุช ุฏุณุชุงุฑูุง ุนููู ฺฉุงุฑุจุฑ');

-- --------------------------------------------------------

--
-- Table structure for table `rate_limits`
--

CREATE TABLE `rate_limits` (
  `ip` varchar(45) NOT NULL,
  `request_count` int DEFAULT NULL,
  `last_request` datetime DEFAULT (now())
) ENGINE=InnoDB DEFAULT CHARSET=utf8mb4 COLLATE=utf8mb4_0900_ai_ci;

--
-- Dumping data for table `rate_limits`
--

INSERT INTO `rate_limits` (`ip`, `request_count`, `last_request`) VALUES
('127.0.0.1', 3, '2025-08-28 11:14:19');

-- --------------------------------------------------------

--
-- Table structure for table `refresh_tokens`
--

CREATE TABLE `refresh_tokens` (
  `id` int NOT NULL,
  `token` varchar(512) NOT NULL,
  `user_id` varchar(36) NOT NULL,
  `is_active` tinyint(1) DEFAULT NULL,
  `created_at` datetime DEFAULT NULL,
  `expires_at` datetime DEFAULT NULL
) ENGINE=InnoDB DEFAULT CHARSET=utf8mb4 COLLATE=utf8mb4_0900_ai_ci;

--
-- Dumping data for table `refresh_tokens`
--

INSERT INTO `refresh_tokens` (`id`, `token`, `user_id`, `is_active`, `created_at`, `expires_at`) VALUES
(25, '5ffc20756571292cfb5136d69742253c371e6f2f02d7263f3af04695f014819e', '9a0f58d1-c3ac-4572-9741-8cbbf74666d8', 1, '2025-08-27 17:59:01', '2025-09-03 17:59:01'),
(27, 'de2c29422db1d35fcb4f120459b460c7bd3d5b17ce0853d051b0da435fa867e7', '92ac38ff-eeeb-461d-b291-a69660b83c46', 1, '2025-08-28 11:11:34', '2025-09-04 11:11:34'),
(28, 'de0e4024c9d74dd0dd86e4da1197d42785324e5e9632bd800deeb20ffc0585bd', '9a0f58d1-c3ac-4572-9741-8cbbf74666d8', 1, '2025-08-28 11:14:19', '2025-09-04 11:14:19');

-- --------------------------------------------------------

--
-- Table structure for table `roles`
--

CREATE TABLE `roles` (
  `id` int NOT NULL,
  `name` varchar(256) DEFAULT NULL,
  `title` varchar(256) DEFAULT NULL
) ENGINE=InnoDB DEFAULT CHARSET=utf8mb4 COLLATE=utf8mb4_0900_ai_ci;

--
-- Dumping data for table `roles`
--

INSERT INTO `roles` (`id`, `name`, `title`) VALUES
(1, 'Admin', 'ูุฏุฑ'),
(2, 'User', 'ฺฉุงุฑุจุฑ');

-- --------------------------------------------------------

--
-- Table structure for table `role_permissions`
--

CREATE TABLE `role_permissions` (
  `role_id` int DEFAULT NULL,
  `permission_id` int DEFAULT NULL
) ENGINE=InnoDB DEFAULT CHARSET=utf8mb4 COLLATE=utf8mb4_0900_ai_ci;

--
-- Dumping data for table `role_permissions`
--

INSERT INTO `role_permissions` (`role_id`, `permission_id`) VALUES
(1, 1),
(1, 2),
(1, 3),
(1, 4),
(1, 5),
(1, 6),
(1, 7),
(1, 8),
(1, 9),
(1, 10),
(1, 11),
(1, 12),
(1, 13),
(1, 14),
(1, 15),
(1, 16),
(1, 17),
(1, 18),
(1, 19),
(1, 20),
(1, 24),
(1, 21),
(1, 23),
(1, 22),
(1, 26),
(1, 25),
(1, 27),
(1, 28),
(1, 29),
(2, 29),
(2, 24),
(2, 19),
(2, 20),
(2, 22),
(2, 18),
(1, 31),
(2, 23),
(2, 21),
(1, 32),
(2, 32),
(1, 33),
(2, 33),
(1, 30);

-- --------------------------------------------------------

--
-- Table structure for table `subscription_plans`
--

CREATE TABLE `subscription_plans` (
  `id` varchar(36) NOT NULL,
  `title` varchar(255) NOT NULL,
  `description` varchar(500) DEFAULT NULL,
  `duration_days` int NOT NULL,
  `tokens_allowed` int NOT NULL,
  `amount` varchar(255) NOT NULL
) ENGINE=InnoDB DEFAULT CHARSET=utf8mb4 COLLATE=utf8mb4_0900_ai_ci;

--
-- Dumping data for table `subscription_plans`
--

INSERT INTO `subscription_plans` (`id`, `title`, `description`, `duration_days`, `tokens_allowed`, `amount`) VALUES
('5237e273-9e24-4349-818c-2bb6e830427a', 'ุจุณุชู ุทูุง', '', 10, 2500, '25000000'),
('a6219046-0440-4979-8d75-f3855fbbe391', 'ุจุณุชู ููุฑู ุง', 'ูุฏุงุฑุฏ', 30, 3000, '30000000');

-- --------------------------------------------------------

--
-- Table structure for table `tokens`
--

CREATE TABLE `tokens` (
  `id` int NOT NULL,
  `token` varchar(512) NOT NULL,
  `user_id` varchar(36) NOT NULL,
  `is_active` tinyint(1) DEFAULT NULL,
  `created_at` datetime DEFAULT NULL
) ENGINE=InnoDB DEFAULT CHARSET=utf8mb4 COLLATE=utf8mb4_0900_ai_ci;

--
-- Dumping data for table `tokens`
--

INSERT INTO `tokens` (`id`, `token`, `user_id`, `is_active`, `created_at`) VALUES
(132, '3859a5fbf400fdae75c4177603e6cc6bb359b6b164bbffde18badf957786a8f4', '92ac38ff-eeeb-461d-b291-a69660b83c46', 1, '2025-08-28 11:11:34'),
(134, 'ebc6330f08fe0bfef8d352cf23baed361ffbb67b0d7ec367c59e79faab820223', '9a0f58d1-c3ac-4572-9741-8cbbf74666d8', 1, '2025-08-28 11:58:56');

-- --------------------------------------------------------

--
-- Table structure for table `users`
--

CREATE TABLE `users` (
  `id` varchar(36) NOT NULL,
  `email` varchar(255) DEFAULT NULL,
  `phone` varchar(20) DEFAULT NULL,
  `password` varchar(255) DEFAULT NULL
) ENGINE=InnoDB DEFAULT CHARSET=utf8mb4 COLLATE=utf8mb4_0900_ai_ci;

--
-- Dumping data for table `users`
--

INSERT INTO `users` (`id`, `email`, `phone`, `password`) VALUES
('92ac38ff-eeeb-461d-b291-a69660b83c46', 'admin@gmail.com', '', '$2b$12$f5cbzLZQ33yYqowo2URA0uFD8jrZd0E6WeDvip3Z1tZbpc97HuO4i'),
('9a0f58d1-c3ac-4572-9741-8cbbf74666d8', NULL, '09191816172', NULL);

-- --------------------------------------------------------

--
-- Table structure for table `user_roles`
--

CREATE TABLE `user_roles` (
  `user_id` varchar(36) NOT NULL,
  `role_id` int NOT NULL
) ENGINE=InnoDB DEFAULT CHARSET=utf8mb4 COLLATE=utf8mb4_0900_ai_ci;

--
-- Dumping data for table `user_roles`
--

INSERT INTO `user_roles` (`user_id`, `role_id`) VALUES
('92ac38ff-eeeb-461d-b291-a69660b83c46', 1),
('9a0f58d1-c3ac-4572-9741-8cbbf74666d8', 2);

-- --------------------------------------------------------

--
-- Table structure for table `user_subscriptions`
--

CREATE TABLE `user_subscriptions` (
  `id` varchar(36) NOT NULL,
  `user_id` varchar(36) NOT NULL,
  `start_date` datetime NOT NULL,
  `end_date` datetime NOT NULL,
  `plan_id` varchar(36) NOT NULL,
  `active` tinyint(1) NOT NULL
) ENGINE=InnoDB DEFAULT CHARSET=utf8mb4 COLLATE=utf8mb4_0900_ai_ci;

--
-- Dumping data for table `user_subscriptions`
--

INSERT INTO `user_subscriptions` (`id`, `user_id`, `start_date`, `end_date`, `plan_id`, `active`) VALUES
('856c8959-ed7c-4183-bde9-da0a42b254f8', '92ac38ff-eeeb-461d-b291-a69660b83c46', '2025-08-27 19:01:48', '2025-08-27 19:01:48', '5237e273-9e24-4349-818c-2bb6e830427a', 0),
('9fc16110-ccac-47a2-a707-45cbe9c84f90', '9a0f58d1-c3ac-4572-9741-8cbbf74666d8', '2025-08-27 19:20:23', '2025-08-27 19:20:23', 'a6219046-0440-4979-8d75-f3855fbbe391', 1);

-- --------------------------------------------------------

--
-- Table structure for table `user_tokens`
--

CREATE TABLE `user_tokens` (
  `id` varchar(36) NOT NULL,
  `user_id` varchar(36) NOT NULL,
  `tokens_used` int NOT NULL,
  `created_at` datetime NOT NULL
) ENGINE=InnoDB DEFAULT CHARSET=utf8mb4 COLLATE=utf8mb4_0900_ai_ci;

--
-- Dumping data for table `user_tokens`
--

INSERT INTO `user_tokens` (`id`, `user_id`, `tokens_used`, `created_at`) VALUES
('9bcf9b3b-55ca-4862-a618-1a5618e061a7', '9a0f58d1-c3ac-4572-9741-8cbbf74666d8', 47934, '2025-08-27 19:20:23'),
('dd3289e2-0132-49ea-a4b9-93a1ceb719d5', '92ac38ff-eeeb-461d-b291-a69660b83c46', 2613, '2025-08-21 13:31:21');

--
-- Indexes for dumped tables
--

--
-- Indexes for table `ai_archives`
--
ALTER TABLE `ai_archives`
  ADD PRIMARY KEY (`id`),
  ADD KEY `ai_model_id` (`ai_model_id`),
  ADD KEY `user_id` (`user_id`);

--
-- Indexes for table `ai_inputs`
--
ALTER TABLE `ai_inputs`
  ADD PRIMARY KEY (`id`),
  ADD KEY `ai_model_id` (`ai_model_id`),
  ADD KEY `ix_ai_inputs_id` (`id`);

--
-- Indexes for table `ai_models`
--
ALTER TABLE `ai_models`
  ADD PRIMARY KEY (`id`),
  ADD KEY `ix_ai_models_id` (`id`);

--
-- Indexes for table `alembic_version`
--
ALTER TABLE `alembic_version`
  ADD PRIMARY KEY (`version_num`);

--
-- Indexes for table `assistants`
--
ALTER TABLE `assistants`
  ADD PRIMARY KEY (`id`),
  ADD UNIQUE KEY `slug` (`slug`),
  ADD KEY `user_id` (`user_id`),
  ADD KEY `ix_assistants_id` (`id`);

--
-- Indexes for table `assistant_user_infos`
--
ALTER TABLE `assistant_user_infos`
  ADD PRIMARY KEY (`id`),
  ADD UNIQUE KEY `slug` (`slug`),
  ADD KEY `assistant_id` (`assistant_id`),
  ADD KEY `ix_assistant_user_infos_id` (`id`);

--
-- Indexes for table `file_uploads`
--
ALTER TABLE `file_uploads`
  ADD PRIMARY KEY (`id`),
  ADD KEY `user_id` (`user_id`),
  ADD KEY `ix_file_uploads_id` (`id`);

--
-- Indexes for table `otps`
--
ALTER TABLE `otps`
  ADD PRIMARY KEY (`id`),
  ADD KEY `ix_otps_id` (`id`),
  ADD KEY `ix_otps_phone` (`phone`);

--
-- Indexes for table `payments`
--
ALTER TABLE `payments`
  ADD PRIMARY KEY (`id`),
  ADD UNIQUE KEY `ix_payments_id` (`id`),
  ADD KEY `user_id` (`user_id`),
  ADD KEY `user_subscription_id` (`user_subscription_id`);

--
-- Indexes for table `permissions`
--
ALTER TABLE `permissions`
  ADD PRIMARY KEY (`id`),
  ADD UNIQUE KEY `ix_permissions_name` (`name`),
  ADD UNIQUE KEY `ix_permissions_title` (`title`),
  ADD KEY `ix_permissions_id` (`id`);

--
-- Indexes for table `rate_limits`
--
ALTER TABLE `rate_limits`
  ADD PRIMARY KEY (`ip`),
  ADD KEY `ix_rate_limits_ip` (`ip`);

--
-- Indexes for table `refresh_tokens`
--
ALTER TABLE `refresh_tokens`
  ADD PRIMARY KEY (`id`),
  ADD UNIQUE KEY `ix_refresh_tokens_token` (`token`),
  ADD KEY `user_id` (`user_id`),
  ADD KEY `ix_refresh_tokens_id` (`id`);

--
-- Indexes for table `roles`
--
ALTER TABLE `roles`
  ADD PRIMARY KEY (`id`),
  ADD UNIQUE KEY `ix_roles_name` (`name`),
  ADD UNIQUE KEY `ix_roles_title` (`title`),
  ADD KEY `ix_roles_id` (`id`);

--
-- Indexes for table `role_permissions`
--
ALTER TABLE `role_permissions`
  ADD KEY `permission_id` (`permission_id`),
  ADD KEY `role_id` (`role_id`);

--
-- Indexes for table `subscription_plans`
--
ALTER TABLE `subscription_plans`
  ADD PRIMARY KEY (`id`),
  ADD UNIQUE KEY `ix_subscription_plans_id` (`id`);

--
-- Indexes for table `tokens`
--
ALTER TABLE `tokens`
  ADD PRIMARY KEY (`id`),
  ADD UNIQUE KEY `token` (`token`),
  ADD KEY `user_id` (`user_id`),
  ADD KEY `ix_tokens_id` (`id`);

--
-- Indexes for table `users`
--
ALTER TABLE `users`
  ADD PRIMARY KEY (`id`),
  ADD UNIQUE KEY `ix_users_id` (`id`),
  ADD UNIQUE KEY `ix_users_email` (`email`),
  ADD UNIQUE KEY `ix_users_phone` (`phone`);

--
-- Indexes for table `user_roles`
--
ALTER TABLE `user_roles`
  ADD PRIMARY KEY (`user_id`,`role_id`),
  ADD KEY `role_id` (`role_id`);

--
-- Indexes for table `user_subscriptions`
--
ALTER TABLE `user_subscriptions`
  ADD PRIMARY KEY (`id`),
  ADD UNIQUE KEY `ix_user_subscriptions_id` (`id`),
  ADD KEY `ix_user_subscriptions_user_id` (`user_id`),
  ADD KEY `plan_id` (`plan_id`);

--
-- Indexes for table `user_tokens`
--
ALTER TABLE `user_tokens`
  ADD PRIMARY KEY (`id`),
  ADD UNIQUE KEY `ix_user_tokens_id` (`id`),
  ADD KEY `ix_user_tokens_user_id` (`user_id`);

--
-- AUTO_INCREMENT for dumped tables
--

--
-- AUTO_INCREMENT for table `ai_archives`
--
ALTER TABLE `ai_archives`
  MODIFY `id` int NOT NULL AUTO_INCREMENT, AUTO_INCREMENT=83;

--
-- AUTO_INCREMENT for table `ai_inputs`
--
ALTER TABLE `ai_inputs`
  MODIFY `id` int NOT NULL AUTO_INCREMENT, AUTO_INCREMENT=213;

--
-- AUTO_INCREMENT for table `ai_models`
--
ALTER TABLE `ai_models`
  MODIFY `id` int NOT NULL AUTO_INCREMENT, AUTO_INCREMENT=17;

--
-- AUTO_INCREMENT for table `assistants`
--
ALTER TABLE `assistants`
  MODIFY `id` int NOT NULL AUTO_INCREMENT, AUTO_INCREMENT=22;

--
-- AUTO_INCREMENT for table `assistant_user_infos`
--
ALTER TABLE `assistant_user_infos`
  MODIFY `id` int NOT NULL AUTO_INCREMENT, AUTO_INCREMENT=7;

--
-- AUTO_INCREMENT for table `file_uploads`
--
ALTER TABLE `file_uploads`
  MODIFY `id` int NOT NULL AUTO_INCREMENT, AUTO_INCREMENT=3;

--
-- AUTO_INCREMENT for table `otps`
--
ALTER TABLE `otps`
  MODIFY `id` int NOT NULL AUTO_INCREMENT, AUTO_INCREMENT=3;

--
-- AUTO_INCREMENT for table `permissions`
--
ALTER TABLE `permissions`
  MODIFY `id` int NOT NULL AUTO_INCREMENT, AUTO_INCREMENT=34;

--
-- AUTO_INCREMENT for table `refresh_tokens`
--
ALTER TABLE `refresh_tokens`
  MODIFY `id` int NOT NULL AUTO_INCREMENT, AUTO_INCREMENT=29;

--
-- AUTO_INCREMENT for table `roles`
--
ALTER TABLE `roles`
  MODIFY `id` int NOT NULL AUTO_INCREMENT, AUTO_INCREMENT=3;

--
-- AUTO_INCREMENT for table `tokens`
--
ALTER TABLE `tokens`
  MODIFY `id` int NOT NULL AUTO_INCREMENT, AUTO_INCREMENT=135;

--
-- Constraints for dumped tables
--

--
-- Constraints for table `ai_archives`
--
ALTER TABLE `ai_archives`
  ADD CONSTRAINT `ai_archives_ibfk_1` FOREIGN KEY (`ai_model_id`) REFERENCES `ai_models` (`id`),
  ADD CONSTRAINT `ai_archives_ibfk_2` FOREIGN KEY (`user_id`) REFERENCES `users` (`id`);

--
-- Constraints for table `ai_inputs`
--
ALTER TABLE `ai_inputs`
  ADD CONSTRAINT `ai_inputs_ibfk_1` FOREIGN KEY (`ai_model_id`) REFERENCES `ai_models` (`id`) ON DELETE CASCADE;

--
-- Constraints for table `assistants`
--
ALTER TABLE `assistants`
  ADD CONSTRAINT `assistants_ibfk_1` FOREIGN KEY (`user_id`) REFERENCES `users` (`id`);

--
-- Constraints for table `assistant_user_infos`
--
ALTER TABLE `assistant_user_infos`
  ADD CONSTRAINT `assistant_user_infos_ibfk_1` FOREIGN KEY (`assistant_id`) REFERENCES `assistants` (`id`);

--
-- Constraints for table `file_uploads`
--
ALTER TABLE `file_uploads`
  ADD CONSTRAINT `file_uploads_ibfk_1` FOREIGN KEY (`user_id`) REFERENCES `users` (`id`);

--
-- Constraints for table `payments`
--
ALTER TABLE `payments`
  ADD CONSTRAINT `payments_ibfk_1` FOREIGN KEY (`user_id`) REFERENCES `users` (`id`),
  ADD CONSTRAINT `payments_ibfk_2` FOREIGN KEY (`user_subscription_id`) REFERENCES `user_subscriptions` (`id`);

--
-- Constraints for table `refresh_tokens`
--
ALTER TABLE `refresh_tokens`
  ADD CONSTRAINT `refresh_tokens_ibfk_1` FOREIGN KEY (`user_id`) REFERENCES `users` (`id`) ON DELETE CASCADE;

--
-- Constraints for table `role_permissions`
--
ALTER TABLE `role_permissions`
  ADD CONSTRAINT `role_permissions_ibfk_1` FOREIGN KEY (`permission_id`) REFERENCES `permissions` (`id`),
  ADD CONSTRAINT `role_permissions_ibfk_2` FOREIGN KEY (`role_id`) REFERENCES `roles` (`id`);

--
-- Constraints for table `tokens`
--
ALTER TABLE `tokens`
  ADD CONSTRAINT `tokens_ibfk_1` FOREIGN KEY (`user_id`) REFERENCES `users` (`id`);

--
-- Constraints for table `user_roles`
--
ALTER TABLE `user_roles`
  ADD CONSTRAINT `user_roles_ibfk_1` FOREIGN KEY (`role_id`) REFERENCES `roles` (`id`),
  ADD CONSTRAINT `user_roles_ibfk_2` FOREIGN KEY (`user_id`) REFERENCES `users` (`id`);

--
-- Constraints for table `user_subscriptions`
--
ALTER TABLE `user_subscriptions`
  ADD CONSTRAINT `user_subscriptions_ibfk_1` FOREIGN KEY (`user_id`) REFERENCES `users` (`id`),
  ADD CONSTRAINT `user_subscriptions_ibfk_2` FOREIGN KEY (`plan_id`) REFERENCES `subscription_plans` (`id`);

--
-- Constraints for table `user_tokens`
--
ALTER TABLE `user_tokens`
  ADD CONSTRAINT `user_tokens_ibfk_1` FOREIGN KEY (`user_id`) REFERENCES `users` (`id`);
COMMIT;

/*!40101 SET CHARACTER_SET_CLIENT=@OLD_CHARACTER_SET_CLIENT */;
/*!40101 SET CHARACTER_SET_RESULTS=@OLD_CHARACTER_SET_RESULTS */;
/*!40101 SET COLLATION_CONNECTION=@OLD_COLLATION_CONNECTION */;
